no,CANT,NOM_CO,NOM_CI,H,DB,DN,DC,COB,BIO,C
1,1,Aguacate ,Persea americana Mill.,7.5,35,25,8,50.266,95.438,47.719
2,1,Aguacate ,Persea americana Mill.,9,30,20,6,28.274,73.296,36.648
3,1,Aguacate ,Persea americana Mill.,1.5,6,4.5,1.8,2.545,0.618,0.309
4,1,Aguacate ,Persea americana Mill.,2.8,9,6.5,2.5,4.909,2.409,1.204
5,1,Aguacate ,Persea americana Mill.,3.9,12,8,3.2,8.042,5.082,2.541
6,1,Aguacate ,Persea americana Mill.,6,16,12,5,19.635,17.591,8.796
7,1,Aguardientillo,Cordia alliodora (Ruiz & Pav.) Oken,30,45,37,10,78.54,597.298,298.649
8,1,Aguardientillo,Cordia alliodora (Ruiz & Pav.) Oken,12.5,22.3,18.7,4.5,15.904,64.645,32.322
9,1,Aguardientillo,Cordia alliodora (Ruiz & Pav.) Oken,15.2,25.1,20.4,5.2,21.237,92.446,46.223
10,1,Aguardientillo,Cordia alliodora (Ruiz & Pav.) Oken,10.8,19.5,16.3,3.8,11.341,43.275,21.638
11,1,Aguardientillo,Cordia alliodora (Ruiz & Pav.) Oken,18,28.7,22.1,5.9,27.34,127.595,63.798
12,1,Aguardientillo,Cordia alliodora (Ruiz & Pav.) Oken,14.3,24,19.8,4.9,18.857,82.208,41.104
13,1,Aguardientillo,Cordia alliodora (Ruiz & Pav.) Oken,11.6,21.2,17.5,4.2,13.854,53.002,26.501
14,1,Aguardientillo,Cordia alliodora (Ruiz & Pav.) Oken,16.7,26.3,21,5.5,23.758,107.245,53.622
15,1,Aguardientillo,Cordia alliodora (Ruiz & Pav.) Oken,13.9,23.4,19.1,4.7,17.349,74.595,37.297
16,1,Aguardientillo,Cordia alliodora (Ruiz & Pav.) Oken,17.5,27.5,21.8,5.8,26.421,120.82,60.41
17,1,Aguardientillo,Cordia alliodora (Ruiz & Pav.) Oken,12,20.8,17,4,12.566,51.799,25.9
18,1,Aguardientillo,Cordia alliodora (Ruiz & Pav.) Oken,19.2,30,23.5,6.2,30.191,153.497,76.749
19,1,Anona colorada,Annona reticulata L.,3.5,12,8.5,3,7.069,31.437,15.718
20,1,Anona colorada,Annona reticulata L.,6.2,18,12,4.5,15.904,72.246,36.123
21,1,Anona colorada,Annona reticulata L.,9,25,20,6.2,30.191,247.82,123.91
22,1,Cacao,Theobroma cacao L.,1.2,4.5,3.2,1.5,1.767,4.841,2.421
23,1,Cacao,Theobroma cacao L.,1.2,4.5,3.2,1.5,1.767,4.841,2.421
24,1,Cacao,Theobroma cacao L.,1.2,4.5,3.2,1.5,1.767,4.841,2.421
25,1,Cacao,Theobroma cacao L.,1.2,4.5,3.2,1.5,1.767,4.841,2.421
26,1,Cacao,Theobroma cacao L.,1.2,4.5,3.2,1.5,1.767,4.841,2.421
27,1,Cacao,Theobroma cacao L.,1.2,4.5,3.2,1.5,1.767,4.841,2.421
28,1,Cacao,Theobroma cacao L.,1.2,4.5,3.2,1.5,1.767,4.841,2.421
29,1,Cacao,Theobroma cacao L.,1.2,4.5,3.2,1.5,1.767,4.841,2.421
30,1,Cacao,Theobroma cacao L.,1.2,4.5,3.2,1.5,1.767,4.841,2.421
31,1,Cacao,Theobroma cacao L.,1.2,4.5,3.2,1.5,1.767,4.841,2.421
32,1,Cacao,Theobroma cacao L.,1.7,5.3,4,1.9,2.835,6.839,3.42
33,1,Cacao,Theobroma cacao L.,1.7,5.3,4,1.9,2.835,6.839,3.42
34,1,Cacao,Theobroma cacao L.,1.7,5.3,4,1.9,2.835,6.839,3.42
35,1,Cacao,Theobroma cacao L.,1.7,5.3,4,1.9,2.835,6.839,3.42
36,1,Cacao,Theobroma cacao L.,1.7,5.3,4,1.9,2.835,6.839,3.42
37,1,Cacao,Theobroma cacao L.,1.7,5.3,4,1.9,2.835,6.839,3.42
38,1,Cacao,Theobroma cacao L.,1.7,5.3,4,1.9,2.835,6.839,3.42
39,1,Cacao,Theobroma cacao L.,1.7,5.3,4,1.9,2.835,6.839,3.42
40,1,Cacao,Theobroma cacao L.,1.7,5.3,4,1.9,2.835,6.839,3.42
41,1,Cacao,Theobroma cacao L.,1.7,5.3,4,1.9,2.835,6.839,3.42
42,1,Cacao,Theobroma cacao L.,1.7,5.3,4,1.9,2.835,6.839,3.42
43,1,Cacao,Theobroma cacao L.,1.7,5.3,4,1.9,2.835,6.839,3.42
44,1,Cacao,Theobroma cacao L.,1.7,5.3,4,1.9,2.835,6.839,3.42
45,1,Cacao,Theobroma cacao L.,1.7,5.3,4,1.9,2.835,6.839,3.42
46,1,Cacao,Theobroma cacao L.,1.7,5.3,4,1.9,2.835,6.839,3.42
47,1,Cacao,Theobroma cacao L.,1.7,5.3,4,1.9,2.835,6.839,3.42
48,1,Cacao,Theobroma cacao L.,1.7,5.3,4,1.9,2.835,6.839,3.42
49,1,Cacao,Theobroma cacao L.,1.7,5.3,4,1.9,2.835,6.839,3.42
50,1,Cacao,Theobroma cacao L.,1.7,5.3,4,1.9,2.835,6.839,3.42
51,1,Cacao,Theobroma cacao L.,1.7,5.3,4,1.9,2.835,6.839,3.42
52,1,Cacao,Theobroma cacao L.,3.4,9,6.9,3.6,10.179,20.927,10.464
53,1,Cacao,Theobroma cacao L.,4.5,13,9.8,4.8,18.096,45.499,22.749
54,1,Cacao,Theobroma cacao L.,4.8,14,10.5,5,19.635,53.208,26.604
55,1,Cacao,Theobroma cacao L.,5,14.5,11,5.2,21.237,57.301,28.65
56,1,Cacao,Theobroma cacao L.,5.2,15,11.5,5.3,22.062,61.554,30.777
57,1,Cacao,Theobroma cacao L.,5.4,15.5,12,5.5,23.758,65.968,32.984
58,1,Cacao,Theobroma cacao L.,5.6,16,12.5,5.7,25.518,70.543,35.271
59,1,Cacao,Theobroma cacao L.,5.8,16.5,13,5.8,26.421,75.28,37.64
60,1,Cacao,Theobroma cacao L.,6,17,13.5,6,28.274,80.179,40.089
61,1,Cacao,Theobroma cacao L.,6.2,17.5,14,6.2,30.191,85.241,42.62
62,1,Cacao,Theobroma cacao L.,6.4,18,14.2,6.3,31.173,90.466,45.233
63,1,Cacao,Theobroma cacao L.,6.6,18.2,14.4,6.4,32.17,92.602,46.301
64,1,Cacao,Theobroma cacao L.,6.8,18.5,14.6,6.5,33.183,95.856,47.928
65,1,Cacao,Theobroma cacao L.,7,18.8,14.8,6.6,34.212,99.168,49.584
66,1,Cacao,Theobroma cacao L.,7,18.8,14.8,6.6,34.212,99.168,49.584
67,1,Cacao,Theobroma cacao L.,7,18.8,14.8,6.6,34.212,99.168,49.584
68,1,Cacao,Theobroma cacao L.,7,18.8,14.8,6.6,34.212,99.168,49.584
69,1,Cacao,Theobroma cacao L.,5,14.5,11,5.2,21.237,57.301,28.65
70,1,Cacao,Theobroma cacao L.,5,14.5,11,5.2,21.237,57.301,28.65
71,1,Cacao,Theobroma cacao L.,5,14.5,11,5.2,21.237,57.301,28.65
72,1,Cacao,Theobroma cacao L.,5,14.5,12,5.2,21.237,57.301,28.65
73,1,Cacao,Theobroma cacao L.,5,14.5,11,5.2,21.237,57.301,28.65
74,1,Cacao,Theobroma cacao L.,5,14.5,11,5.2,21.237,57.301,28.65
75,1,Cacao,Theobroma cacao L.,5,14.5,9,5.2,21.237,57.301,28.65
76,1,Cacao,Theobroma cacao L.,5,14.5,11,5.2,21.237,57.301,28.65
77,1,Cacao,Theobroma cacao L.,7,18.8,14.8,6.6,34.212,99.168,49.584
78,1,Cacao,Theobroma cacao L.,7,18.8,14.8,6.6,34.212,99.168,49.584
79,1,Cacao,Theobroma cacao L.,7,18.8,14.8,6.6,34.212,99.168,49.584
80,1,Cacao,Theobroma cacao L.,7,18.8,14.8,6.6,34.212,99.168,49.584
81,1,Cacao,Theobroma cacao L.,7,18.8,14.8,6.6,34.212,99.168,49.584
82,1,Cacao tigre,Theobroma cacao L. var. tigre,1.7,5.3,4,1.9,2.835,6.839,3.42
83,1,Cacao tigre,Theobroma cacao L. var. tigre,1.7,5.3,4,1.9,2.835,6.839,3.42
84,1,Cacao tigre,Theobroma cacao L. var. tigre,1.7,5.3,4,1.9,2.835,6.839,3.42
85,1,Cacao tigre,Theobroma cacao L. var. tigre,1.7,5.3,4,1.9,2.835,6.839,3.42
86,1,Cacao tigre,Theobroma cacao L. var. tigre,1.7,5.3,4,1.9,2.835,6.839,3.42
87,1,Cacao tigre,Theobroma cacao L. var. tigre,1.7,5.3,4,1.9,2.835,6.839,3.42
88,1,Cacao tigre,Theobroma cacao L. var. tigre,1.7,5.3,4,1.9,2.835,6.839,3.42
89,1,Cacao tigre,Theobroma cacao L. var. tigre,1.7,5.3,4,1.9,2.835,6.839,3.42
90,1,Cacao tigre,Theobroma cacao L. var. tigre,1.7,5.3,4,1.9,2.835,6.839,3.42
91,1,Cacao tigre,Theobroma cacao L. var. tigre,1.7,5.3,4,1.9,2.835,6.839,3.42
92,1,Cacao tigre,Theobroma cacao L. var. tigre,1.7,5.3,4,1.9,2.835,6.839,3.42
93,1,Cacao tigre,Theobroma cacao L. var. tigre,1.7,5.3,4,1.9,2.835,6.839,3.42
94,1,Cacao tigre,Theobroma cacao L. var. tigre,1.7,5.3,4,1.9,2.835,6.839,3.42
95,1,Cacao tigre,Theobroma cacao L. var. tigre,1.7,5.3,4,1.9,2.835,6.839,3.42
96,1,Cacao tigre,Theobroma cacao L. var. tigre,1.7,5.3,4,1.9,2.835,6.839,3.42
97,1,Cacao tigre,Theobroma cacao L. var. tigre,3.4,9,6.9,3.6,10.179,20.927,10.464
98,1,Cacao tigre,Theobroma cacao L. var. tigre,4.5,13,9.8,4.8,18.096,45.499,22.749
99,1,Cacao tigre,Theobroma cacao L. var. tigre,4.8,14,10.5,5,19.635,53.208,26.604
100,1,Cacao tigre,Theobroma cacao L. var. tigre,5,14.5,11,5.2,21.237,57.301,28.65
101,1,Cacao tigre,Theobroma cacao L. var. tigre,5.2,15,11.5,5.3,22.062,61.554,30.777
102,1,Cacao tigre,Theobroma cacao L. var. tigre,5.4,15.5,12,5.5,23.758,65.968,32.984
103,1,Cacao tigre,Theobroma cacao L. var. tigre,5.6,16,12.5,5.7,25.518,70.543,35.271
104,1,Cacao tigre,Theobroma cacao L. var. tigre,5.8,16.5,13,5.8,26.421,75.28,37.64
105,1,Cacao tigre,Theobroma cacao L. var. tigre,6,17,13.5,5.9,27.34,80.179,40.089
106,1,Cacao tigre,Theobroma cacao L. var. tigre,6.2,17.5,14,6,28.274,85.241,42.62
107,1,Cacao tigre,Theobroma cacao L. var. tigre,6.4,18,14.5,6.1,29.225,90.466,45.233
108,1,Cacao tigre,Theobroma cacao L. var. tigre,6.6,18.5,15,6.2,30.191,95.856,47.928
109,1,Café caturra,Coffea arabica L. cv. Caturra,2.08,9.95,4.34,1.91,2.865,5.812,2.906
110,1,Café caturra,Coffea arabica L. cv. Caturra,1.61,6.07,5.26,1.75,2.405,8.642,4.321
111,1,Café caturra,Coffea arabica L. cv. Caturra,1.11,9.03,4.59,1.89,2.806,6.524,3.262
112,1,Café caturra,Coffea arabica L. cv. Caturra,1.6,9.25,5.48,1.82,2.602,9.404,4.702
113,1,Café caturra,Coffea arabica L. cv. Caturra,1.57,7.97,3.49,1.83,2.63,3.707,1.853
114,1,Café caturra,Coffea arabica L. cv. Caturra,2.22,10.16,6.63,1.81,2.573,13.933,6.967
115,1,Café caturra,Coffea arabica L. cv. Caturra,1.76,11.54,3.47,1.9,2.835,3.663,1.831
116,1,Café caturra,Coffea arabica L. cv. Caturra,1.79,11.48,8.6,1.92,2.895,23.834,11.917
117,1,Café caturra,Coffea arabica L. cv. Caturra,1.93,8.16,4.64,1.73,2.351,6.671,3.336
118,1,Café caturra,Coffea arabica L. cv. Caturra,1.14,5.79,3.79,1.71,2.297,4.394,2.197
119,1,Café caturra,Coffea arabica L. cv. Caturra,1.84,11.89,9.16,1.78,2.488,27.148,13.574
120,1,Café caturra,Coffea arabica L. cv. Caturra,1.55,10.87,7.56,2.07,3.365,18.268,9.134
121,1,Café caturra,Coffea arabica L. cv. Caturra,2.22,5.87,3.87,2.08,3.398,4.588,2.294
122,1,Café caturra,Coffea arabica L. cv. Caturra,1.6,11.45,5.27,1.81,2.573,8.676,4.338
123,1,Café caturra,Coffea arabica L. cv. Caturra,2.1,11.09,5.33,1.99,3.11,8.881,4.441
124,1,Café caturra,Coffea arabica L. cv. Caturra,2.16,8.63,7.69,1.93,2.926,18.922,9.461
125,1,Café caturra,Coffea arabica L. cv. Caturra,1.3,9.14,7.14,2.05,3.301,16.236,8.118
126,1,Café caturra,Coffea arabica L. cv. Caturra,1.13,7.79,5.79,1.77,2.461,10.535,5.268
127,1,Café caturra,Coffea arabica L. cv. Caturra,1.53,5.38,3.38,1.81,2.573,3.47,1.735
128,1,Café caturra,Coffea arabica L. cv. Caturra,2.17,7.35,5.35,2.02,3.205,8.95,4.475
129,1,Café caturra,Coffea arabica L. cv. Caturra,1.14,10.62,6.26,1.68,2.217,12.376,6.188
130,1,Café caturra,Coffea arabica L. cv. Caturra,1.13,5.03,3.42,1.87,2.746,3.555,1.777
131,1,Café caturra,Coffea arabica L. cv. Caturra,2.3,7.33,6.94,1.9,2.835,15.311,7.656
132,1,Café caturra,Coffea arabica L. cv. Caturra,1.56,7.79,5.79,1.87,2.746,10.535,5.268
133,1,Café caturra,Coffea arabica L. cv. Caturra,2.01,8.76,4.23,1.9,2.835,5.512,2.756
134,1,Café caturra,Coffea arabica L. cv. Caturra,2.13,11.44,7.83,2,3.142,19.64,9.82
135,1,Café caturra,Coffea arabica L. cv. Caturra,1.8,7.42,4.41,1.77,2.461,6.007,3.004
136,1,Café caturra,Coffea arabica L. cv. Caturra,2.21,7.43,6.75,2.08,3.398,14.459,7.229
137,1,Café caturra,Coffea arabica L. cv. Caturra,2.32,10.16,3.68,1.73,2.351,4.135,2.068
138,1,Café caturra,Coffea arabica L. cv. Caturra,1.31,8.17,6.15,1.89,2.806,11.932,5.966
139,1,Café caturra,Coffea arabica L. cv. Caturra,1.72,6.57,4.57,1.98,3.079,6.465,3.233
140,1,Café caturra,Coffea arabica L. cv. Caturra,2.34,8.17,5.43,1.69,2.243,9.228,4.614
141,1,Café caturra,Coffea arabica L. cv. Caturra,1.65,5.99,3.99,1.87,2.746,4.886,2.443
142,1,Café caturra,Coffea arabica L. cv. Caturra,2.1,6.23,4.23,1.89,2.806,5.512,2.756
143,1,Café caturra,Coffea arabica L. cv. Caturra,2.32,8.49,6.49,1.91,2.865,13.333,6.666
144,1,Café caturra,Coffea arabica L. cv. Caturra,1.32,7.93,4.64,2.01,3.173,6.671,3.336
145,1,Café caturra,Coffea arabica L. cv. Caturra,2.21,11.4,5.8,1.81,2.573,10.573,5.286
146,1,Café caturra,Coffea arabica L. cv. Caturra,1.78,7.54,4.07,1.79,2.517,5.09,2.545
147,1,Café caturra,Coffea arabica L. cv. Caturra,1.79,9.06,7.06,1.83,2.63,15.862,7.931
148,1,Café caturra,Coffea arabica L. cv. Caturra,1.96,9.43,7.43,2.09,3.431,17.626,8.813
149,1,Café caturra,Coffea arabica L. cv. Caturra,2.39,5.09,3.09,1.73,2.351,2.883,1.442
150,1,Café caturra,Coffea arabica L. cv. Caturra,1.96,9.64,8.89,1.97,3.048,25.522,12.761
151,1,Café caturra,Coffea arabica L. cv. Caturra,1.31,6.25,4.25,2.01,3.173,5.566,2.783
152,1,Café caturra,Coffea arabica L. cv. Caturra,1.34,11.73,7.37,1.73,2.351,17.333,8.667
153,1,Café caturra,Coffea arabica L. cv. Caturra,1.57,6.04,3.62,1.71,2.297,3.997,1.999
154,1,Café caturra,Coffea arabica L. cv. Caturra,2.27,7.9,5.9,2.05,3.301,10.953,5.476
155,1,Café caturra,Coffea arabica L. cv. Caturra,1.14,5.6,3.89,1.74,2.378,4.637,2.318
156,1,Café caturra,Coffea arabica L. cv. Caturra,1.22,11.98,8.78,1.9,2.835,24.875,12.437
157,1,Café caturra,Coffea arabica L. cv. Caturra,1.97,8.52,6.52,2.06,3.333,13.46,6.73
158,1,Café caturra,Coffea arabica L. cv. Caturra,1.62,9.17,7.96,1.79,2.517,20.319,10.159
159,1,Café caturra,Coffea arabica L. cv. Caturra,2.06,5.47,3.25,1.81,2.573,3.2,1.6
160,1,Café caturra,Coffea arabica L. cv. Caturra,1.82,10.25,5.12,1.84,2.659,8.174,4.087
161,1,Café caturra,Coffea arabica L. cv. Caturra,2.18,6.47,4.84,2.05,3.301,7.278,3.639
162,1,Café caturra,Coffea arabica L. cv. Caturra,1.49,11.29,5.52,2.02,3.205,9.547,4.773
163,1,Café caturra,Coffea arabica L. cv. Caturra,2.09,6.44,3.61,2.08,3.398,3.974,1.987
164,1,Café caturra,Coffea arabica L. cv. Caturra,1.96,6.33,4.33,2.05,3.301,5.784,2.892
165,1,Café caturra,Coffea arabica L. cv. Caturra,2.14,5.26,3.26,1.96,3.017,3.22,1.61
166,1,Café caturra,Coffea arabica L. cv. Caturra,1.63,8.3,5.14,1.97,3.048,8.24,4.12
167,1,Café caturra,Coffea arabica L. cv. Caturra,1.41,8.95,5.78,2.05,3.301,10.498,5.249
168,1,Café caturra,Coffea arabica L. cv. Caturra,1.39,5.46,3.46,1.95,2.986,3.641,1.821
169,1,Café caturra,Coffea arabica L. cv. Caturra,1.81,10.43,7.2,1.69,2.243,16.518,8.259
170,1,Café caturra,Coffea arabica L. cv. Caturra,1.53,8.17,6.61,1.81,2.573,13.847,6.923
171,1,Café caturra,Coffea arabica L. cv. Caturra,1.33,8.67,6.67,1.77,2.461,14.107,7.054
172,1,Café caturra,Coffea arabica L. cv. Caturra,1.94,8.09,6.48,1.71,2.297,13.291,6.645
173,1,Café caturra,Coffea arabica L. cv. Caturra,2.27,7.81,5.81,1.7,2.27,10.611,5.305
174,1,Café caturra,Coffea arabica L. cv. Caturra,2.07,8.92,6.92,1.91,2.865,15.22,7.61
175,1,Café caturra,Coffea arabica L. cv. Caturra,2.02,6.09,4.46,2.1,3.464,6.148,3.074
176,1,Café caturra,Coffea arabica L. cv. Caturra,1.85,6.27,4.27,1.84,2.659,5.62,2.81
177,1,Café caturra,Coffea arabica L. cv. Caturra,1.93,11.03,3.81,1.9,2.835,4.442,2.221
178,1,Café caturra,Coffea arabica L. cv. Caturra,2.22,11.62,8.72,2.08,3.398,24.525,12.263
179,1,Café caturra,Coffea arabica L. cv. Caturra,2.15,7.61,5.66,1.91,2.865,10.053,5.027
180,1,Café caturra,Coffea arabica L. cv. Caturra,1.84,6.9,4.9,2.01,3.173,7.466,3.733
181,1,Café caturra,Coffea arabica L. cv. Caturra,1.24,9.51,9.08,1.83,2.63,26.661,13.33
182,1,Café caturra,Coffea arabica L. cv. Caturra,1.48,7.86,5.86,1.86,2.717,10.8,5.4
183,1,Café caturra,Coffea arabica L. cv. Caturra,2.39,5.18,3.18,2.05,3.301,3.059,1.53
184,1,Café caturra,Coffea arabica L. cv. Caturra,1.13,6.09,5.13,1.95,2.986,8.207,4.104
185,1,Café caturra,Coffea arabica L. cv. Caturra,1.32,10.01,3.57,2.01,3.173,3.884,1.942
186,1,Café caturra,Coffea arabica L. cv. Caturra,1.3,9.61,5.82,1.89,2.806,10.648,5.324
187,1,Café caturra,Coffea arabica L. cv. Caturra,1.73,5.19,4.21,1.93,2.926,5.458,2.729
188,1,Café caturra,Coffea arabica L. cv. Caturra,1.19,6.55,4.55,1.88,2.776,6.407,3.204
189,1,Café caturra,Coffea arabica L. cv. Caturra,1.84,6.62,5.42,1.76,2.433,9.193,4.597
190,1,Café caturra,Coffea arabica L. cv. Caturra,1.15,9.7,7.7,1.95,2.986,18.973,9.486
191,1,Café caturra,Coffea arabica L. cv. Caturra,1.14,5.14,3.14,1.9,2.835,2.98,1.49
192,1,Café caturra,Coffea arabica L. cv. Caturra,2.06,5.73,3.73,1.89,2.806,4.252,2.126
193,1,Café caturra,Coffea arabica L. cv. Caturra,1.57,10.6,3.93,2.08,3.398,4.736,2.368
194,1,Café caturra,Coffea arabica L. cv. Caturra,2.2,6.25,4.25,1.75,2.405,5.566,2.783
195,1,Café caturra,Coffea arabica L. cv. Caturra,1.28,9.57,7.57,1.84,2.659,18.318,9.159
196,1,Café caturra,Coffea arabica L. cv. Caturra,1.64,6.67,4.67,1.92,2.895,6.761,3.38
197,1,Café caturra,Coffea arabica L. cv. Caturra,2.15,5.7,3.7,2.04,3.269,4.182,2.091
198,1,Café caturra,Coffea arabica L. cv. Caturra,1.32,6.7,4.7,1.78,2.488,6.851,3.425
199,1,Café caturra,Coffea arabica L. cv. Caturra,1.67,10.06,4.22,1.88,2.776,5.485,2.743
200,1,Café caturra,Coffea arabica L. cv. Caturra,1.97,10.99,6.52,1.91,2.865,13.46,6.73
201,1,Café caturra,Coffea arabica L. cv. Caturra,1.9,10.81,5.79,1.94,2.956,10.535,5.268
202,1,Café caturra,Coffea arabica L. cv. Caturra,1.42,7.78,4.02,1.85,2.688,4.962,2.481
203,1,Café caturra,Coffea arabica L. cv. Caturra,1.36,9.68,5.57,1.78,2.488,9.726,4.863
204,1,Café caturra,Coffea arabica L. cv. Caturra,1.24,6.43,3.48,1.81,2.573,3.685,1.842
205,1,Café caturra,Coffea arabica L. cv. Caturra,1.74,7.05,3.18,1.78,2.488,3.059,1.53
206,1,Café caturra,Coffea arabica L. cv. Caturra,1.85,11.27,3.95,1.94,2.956,4.786,2.393
207,1,Café caturra,Coffea arabica L. cv. Caturra,2.26,5.09,3.09,1.91,2.865,2.883,1.442
208,1,Café caturra,Coffea arabica L. cv. Caturra,1.57,5.6,3.6,1.84,2.659,3.952,1.976
209,1,Café caturra,Coffea arabica L. cv. Caturra,1.73,6.46,4.46,2.03,3.237,6.148,3.074
210,1,Café caturra,Coffea arabica L. cv. Caturra,1.72,5.19,3.19,1.77,2.461,3.079,1.54
211,1,Café caturra,Coffea arabica L. cv. Caturra,1.42,6.27,5.18,1.74,2.378,8.373,4.186
212,1,Café caturra,Coffea arabica L. cv. Caturra,1.36,9.08,6.54,1.82,2.602,13.546,6.773
213,1,Café caturra,Coffea arabica L. cv. Caturra,1.62,7.95,6.08,1.81,2.573,11.653,5.827
214,1,Café caturra,Coffea arabica L. cv. Caturra,1.64,11.25,3.74,1.84,2.659,4.275,2.138
215,1,Café caturra,Coffea arabica L. cv. Caturra,2.37,10.72,7.49,1.89,2.806,17.921,8.96
216,1,Café caturra,Coffea arabica L. cv. Caturra,1.64,7.39,4.51,1.91,2.865,6.291,3.146
217,1,Café caturra,Coffea arabica L. cv. Caturra,1.21,6.82,4.82,2.02,3.205,7.217,3.608
218,1,Café caturra,Coffea arabica L. cv. Caturra,1.7,7.66,5.66,2.07,3.365,10.053,5.027
219,1,Café caturra,Coffea arabica L. cv. Caturra,2.32,9.13,4.06,1.73,2.351,5.065,2.532
220,1,Café caturra,Coffea arabica L. cv. Caturra,2.34,6.88,3.43,2.08,3.398,3.576,1.788
221,1,Café caturra,Coffea arabica L. cv. Caturra,2.17,9.37,8.47,1.87,2.746,23.097,11.548
222,1,Café caturra,Coffea arabica L. cv. Caturra,1.84,7.87,6.22,2.1,3.464,12.214,6.107
223,1,Café caturra,Coffea arabica L. cv. Caturra,1.62,8.86,3.41,1.93,2.926,3.533,1.767
224,1,Café caturra,Coffea arabica L. cv. Caturra,2.13,8.05,6.05,2.04,3.269,11.535,5.767
225,1,Café caturra,Coffea arabica L. cv. Caturra,1.22,7.06,3.4,2.05,3.301,3.512,1.756
226,1,Café caturra,Coffea arabica L. cv. Caturra,2.03,11.64,7.87,1.75,2.405,19.847,9.924
227,1,Café caturra,Coffea arabica L. cv. Caturra,1.35,10.35,9.89,1.85,2.688,31.802,15.901
228,1,Café caturra,Coffea arabica L. cv. Caturra,2.28,5.98,4.67,1.94,2.956,6.761,3.38
229,1,Café caturra,Coffea arabica L. cv. Caturra,2.06,11.08,4,1.72,2.324,4.911,2.456
230,1,Café caturra,Coffea arabica L. cv. Caturra,2.35,8.41,3.85,1.82,2.602,4.539,2.269
231,1,Café caturra,Coffea arabica L. cv. Caturra,1.89,11.26,5.12,2.01,3.173,8.174,4.087
232,1,Café caturra,Coffea arabica L. cv. Caturra,1.96,10.6,3.71,1.73,2.351,4.205,2.102
233,1,Café caturra,Coffea arabica L. cv. Caturra,1.65,7.98,5.98,1.68,2.217,11.261,5.631
234,1,Café caturra,Coffea arabica L. cv. Caturra,1.87,5.16,3.44,2.06,3.333,3.598,1.799
235,1,Café caturra,Coffea arabica L. cv. Caturra,1.1,6.88,6.57,1.9,2.835,13.674,6.837
236,1,Café caturra,Coffea arabica L. cv. Caturra,1.72,8.79,6.79,1.79,2.517,14.636,7.318
237,1,Café caturra,Coffea arabica L. cv. Caturra,2.11,9.43,8.7,1.75,2.405,24.409,12.205
238,1,Café caturra,Coffea arabica L. cv. Caturra,1.1,6.81,4.81,1.79,2.517,7.186,3.593
239,1,Café caturra,Coffea arabica L. cv. Caturra,1.66,5.98,5.14,1.93,2.926,8.24,4.12
240,1,Café caturra,Coffea arabica L. cv. Caturra,1.26,10.84,7.37,1.85,2.688,17.333,8.667
241,1,Café caturra,Coffea arabica L. cv. Caturra,2.12,11.89,6.69,1.87,2.746,14.195,7.097
242,1,Café caturra,Coffea arabica L. cv. Caturra,1.69,8.68,5.98,1.91,2.865,11.261,5.631
243,1,Café caturra,Coffea arabica L. cv. Caturra,1.76,6.2,3.91,1.89,2.806,4.686,2.343
244,1,Café caturra,Coffea arabica L. cv. Caturra,2.06,6.91,4.91,1.81,2.573,7.497,3.749
245,1,Café caturra,Coffea arabica L. cv. Caturra,1.62,5.13,3.13,1.89,2.806,2.961,1.48
246,1,Café caturra,Coffea arabica L. cv. Caturra,1.52,11.4,4.36,1.8,2.545,5.867,2.934
247,1,Café caturra,Coffea arabica L. cv. Caturra,1.22,5.82,3.82,2.05,3.301,4.466,2.233
248,1,Café caturra,Coffea arabica L. cv. Caturra,1.35,9.04,5.9,2.05,3.301,10.953,5.476
249,1,Café caturra,Coffea arabica L. cv. Caturra,2.34,6.92,4.92,1.97,3.048,7.529,3.764
250,1,Café caturra,Coffea arabica L. cv. Caturra,1.55,8.88,8.14,1.79,2.517,21.278,10.639
251,1,Café caturra,Coffea arabica L. cv. Caturra,2.4,9.56,8.39,1.91,2.865,22.649,11.324
252,1,Café caturra,Coffea arabica L. cv. Caturra,1.56,10.81,3.08,1.87,2.746,2.864,1.432
253,1,Café caturra,Coffea arabica L. cv. Caturra,1.81,6.44,5.91,1.82,2.602,10.991,5.495
254,1,Café caturra,Coffea arabica L. cv. Caturra,2.07,5.08,3.08,2,3.142,2.864,1.432
255,1,Café caturra,Coffea arabica L. cv. Caturra,1.21,5.96,3.13,1.99,3.11,2.961,1.48
256,1,Café caturra,Coffea arabica L. cv. Caturra,2.36,11.3,4.82,2.02,3.205,7.217,3.608
257,1,Café caturra,Coffea arabica L. cv. Caturra,1.63,11.12,8.32,2.08,3.398,22.261,11.13
258,1,Café caturra,Coffea arabica L. cv. Caturra,1.76,9.18,3.96,1.75,2.405,4.811,2.405
259,1,Café caturra,Coffea arabica L. cv. Caturra,1.45,9.2,6.75,1.78,2.488,14.459,7.229
260,1,Café caturra,Coffea arabica L. cv. Caturra,2.05,9.66,4.51,1.98,3.079,6.291,3.146
261,1,Café caturra,Coffea arabica L. cv. Caturra,1.52,6.23,3.08,1.72,2.324,2.864,1.432
262,1,Café caturra,Coffea arabica L. cv. Caturra,2.31,11.4,4.69,1.73,2.351,6.821,3.41
263,1,Café caturra,Coffea arabica L. cv. Caturra,1.53,7.93,5.93,1.68,2.217,11.068,5.534
264,1,Café caturra,Coffea arabica L. cv. Caturra,2.31,7.68,5.68,1.72,2.324,10.126,5.063
265,1,Café caturra,Coffea arabica L. cv. Caturra,1.4,8.63,6.63,2.01,3.173,13.933,6.967
266,1,Café caturra,Coffea arabica L. cv. Caturra,1.18,5.33,3.33,1.9,2.835,3.365,1.682
267,1,Café caturra,Coffea arabica L. cv. Caturra,1.75,6.16,3.77,1.8,2.545,4.347,2.173
268,1,Café caturra,Coffea arabica L. cv. Caturra,1.8,10.17,6.84,1.86,2.717,14.859,7.43
269,1,Café caturra,Coffea arabica L. cv. Caturra,2.34,5.58,3.58,1.74,2.378,3.907,1.953
270,1,Café caturra,Coffea arabica L. cv. Caturra,2.02,9.22,8.91,1.81,2.573,25.641,12.82
271,1,Café caturra,Coffea arabica L. cv. Caturra,2.31,6.72,3.69,2.03,3.237,4.158,2.079
272,1,Café caturra,Coffea arabica L. cv. Caturra,1.23,7.73,6.42,1.79,2.517,13.038,6.519
273,1,Café caturra,Coffea arabica L. cv. Caturra,1.4,7.02,4.05,1.75,2.405,5.039,2.519
274,1,Café caturra,Coffea arabica L. cv. Caturra,1.32,7.49,5.27,1.99,3.11,8.676,4.338
275,1,Café caturra,Coffea arabica L. cv. Caturra,2.17,10.03,8.16,1.78,2.488,21.386,10.693
276,1,Café caturra,Coffea arabica L. cv. Caturra,2.19,7.08,6.33,1.72,2.324,12.664,6.332
277,1,Café caturra,Coffea arabica L. cv. Caturra,1.16,8.96,5.63,1.88,2.776,9.943,4.972
278,1,Café caturra,Coffea arabica L. cv. Caturra,1.46,8.33,5.76,2.05,3.301,10.423,5.211
279,1,Café caturra,Coffea arabica L. cv. Caturra,1.67,9.65,6.22,1.87,2.746,12.214,6.107
280,1,Café caturra,Coffea arabica L. cv. Caturra,1.51,11.56,8.5,1.82,2.602,23.266,11.633
281,1,Café caturra,Coffea arabica L. cv. Caturra,2.19,10.13,9.24,1.73,2.351,27.639,13.82
282,1,Café caturra,Coffea arabica L. cv. Caturra,1.3,6.5,4.5,1.94,2.956,6.263,3.131
283,1,Café caturra,Coffea arabica L. cv. Caturra,1.29,5.22,3.22,1.9,2.835,3.139,1.57
284,1,Café caturra,Coffea arabica L. cv. Caturra,1.71,6.84,5.21,1.76,2.433,8.473,4.237
285,1,Café caturra,Coffea arabica L. cv. Caturra,1.31,9.17,7.82,1.85,2.688,19.588,9.794
286,1,Café caturra,Coffea arabica L. cv. Caturra,2.08,5.36,3.36,2.05,3.301,3.427,1.714
287,1,Café caturra,Coffea arabica L. cv. Caturra,1.13,8.47,4.78,1.71,2.297,7.093,3.547
288,1,Café caturra,Coffea arabica L. cv. Caturra,2.3,9.18,7.18,1.79,2.517,16.424,8.212
289,1,Café caturra,Coffea arabica L. cv. Caturra,1.3,7.34,3.27,1.91,2.865,3.241,1.62
290,1,Café caturra,Coffea arabica L. cv. Caturra,1.48,10.4,9.31,2.09,3.431,28.073,14.036
291,1,Café caturra,Coffea arabica L. cv. Caturra,2.31,5.75,3.75,2.06,3.333,4.299,2.15
292,1,Café caturra,Coffea arabica L. cv. Caturra,1.67,5.53,3.53,1.69,2.243,3.795,1.897
293,1,Café caturra,Coffea arabica L. cv. Caturra,1.26,10.1,7.62,2.06,3.333,18.568,9.284
294,1,Café caturra,Coffea arabica L. cv. Caturra,1.9,8.47,6.47,1.91,2.865,13.248,6.624
295,1,Café caturra,Coffea arabica L. cv. Caturra,1.42,9.82,7.46,1.84,2.659,17.773,8.886
296,1,Café caturra,Coffea arabica L. cv. Caturra,2.33,8.04,7.3,1.86,2.717,16.995,8.498
297,1,Café caturra,Coffea arabica L. cv. Caturra,2.4,6.72,3.47,1.92,2.895,3.663,1.831
298,1,Café caturra,Coffea arabica L. cv. Caturra,1.54,10.73,6.63,1.75,2.405,13.933,6.967
299,1,Café caturra,Coffea arabica L. cv. Caturra,1.36,10.6,4.05,1.97,3.048,5.039,2.519
300,1,Café caturra,Coffea arabica L. cv. Caturra,1.33,9.86,8.16,1.72,2.324,21.386,10.693
301,1,Café caturra,Coffea arabica L. cv. Caturra,1.63,6.91,6.59,2.07,3.365,13.76,6.88
302,1,Café caturra,Coffea arabica L. cv. Caturra,2.02,9.13,7.76,1.86,2.717,19.279,9.64
303,1,Café caturra,Coffea arabica L. cv. Caturra,1.72,7.53,3.29,2.03,3.237,3.282,1.641
304,1,Café caturra,Coffea arabica L. cv. Caturra,2.12,5.64,3.59,1.82,2.602,3.929,1.965
305,1,Café caturra,Coffea arabica L. cv. Caturra,1.34,11.42,8.01,2,3.142,20.583,10.291
306,1,Café caturra,Coffea arabica L. cv. Caturra,1.8,5.96,3.5,1.79,2.517,3.729,1.864
307,1,Café caturra,Coffea arabica L. cv. Caturra,1.58,11.65,3.5,2.05,3.301,3.729,1.864
308,1,Café caturra,Coffea arabica L. cv. Caturra,1.48,8.12,3.08,1.7,2.27,2.864,1.432
309,1,Café caturra,Coffea arabica L. cv. Caturra,1.12,6.3,4.3,1.7,2.27,5.702,2.851
310,1,Café caturra,Coffea arabica L. cv. Caturra,1.97,8.79,8.16,1.7,2.27,21.386,10.693
311,1,Café caturra,Coffea arabica L. cv. Caturra,1.55,11.11,5.47,1.71,2.297,9.369,4.685
312,1,Café caturra,Coffea arabica L. cv. Caturra,2.01,10.13,5.08,1.92,2.895,8.043,4.021
313,1,Café caturra,Coffea arabica L. cv. Caturra,2.04,10.65,5.45,2,3.142,9.299,4.649
314,1,Café caturra,Coffea arabica L. cv. Caturra,2.22,9.61,8.42,1.68,2.217,22.816,11.408
315,1,Café caturra,Coffea arabica L. cv. Caturra,2.05,9.85,7.63,1.9,2.835,18.619,9.309
316,1,Café caturra,Coffea arabica L. cv. Caturra,1.67,10.94,4.3,1.91,2.865,5.702,2.851
317,1,Café caturra,Coffea arabica L. cv. Caturra,1.39,6.75,4.22,2.02,3.205,5.485,2.743
318,1,Café caturra,Coffea arabica L. cv. Caturra,2.04,8.43,3.69,1.9,2.835,4.158,2.079
319,1,Café caturra,Coffea arabica L. cv. Caturra,1.77,6.55,4.55,1.69,2.243,6.407,3.204
320,1,Café caturra,Coffea arabica L. cv. Caturra,2.16,11.91,8.35,1.9,2.835,22.426,11.213
321,1,Café caturra,Coffea arabica L. cv. Caturra,2.12,11.61,4.86,1.92,2.895,7.341,3.67
322,1,Café caturra,Coffea arabica L. cv. Caturra,1.48,5.28,3.15,1.78,2.488,3,1.5
323,1,Café caturra,Coffea arabica L. cv. Caturra,1.59,9.94,3.58,1.76,2.433,3.907,1.953
324,1,Café caturra,Coffea arabica L. cv. Caturra,2.4,11.48,9.78,2.06,3.333,31.076,15.538
325,1,Café caturra,Coffea arabica L. cv. Caturra,2.27,6.26,5.07,1.73,2.351,8.01,4.005
326,1,Café caturra,Coffea arabica L. cv. Caturra,2.2,8.98,8.38,1.74,2.378,22.593,11.297
327,1,Café caturra,Coffea arabica L. cv. Caturra,1.75,11.41,7.37,1.84,2.659,17.333,8.667
328,1,Café caturra,Coffea arabica L. cv. Caturra,1.74,5.24,3.24,1.97,3.048,3.18,1.59
329,1,Café caturra,Coffea arabica L. cv. Caturra,2.02,9.88,4.44,2.06,3.333,6.092,3.046
330,1,Café caturra,Coffea arabica L. cv. Caturra,1.97,7.08,3.85,2.05,3.301,4.539,2.269
331,1,Café caturra,Coffea arabica L. cv. Caturra,1.32,11.47,7.31,1.86,2.717,17.043,8.522
332,1,Café caturra,Coffea arabica L. cv. Caturra,1.56,11.8,8.42,2.04,3.269,22.816,11.408
333,1,Café caturra,Coffea arabica L. cv. Caturra,1.75,11.61,7.51,2.08,3.398,18.02,9.01
334,1,Café caturra,Coffea arabica L. cv. Caturra,1.49,8.32,6.71,1.81,2.573,14.282,7.141
335,1,Café caturra,Coffea arabica L. cv. Caturra,1.31,11.03,3.29,1.84,2.659,3.282,1.641
336,1,Café caturra,Coffea arabica L. cv. Caturra,2.28,10.91,9.78,1.96,3.017,31.076,15.538
337,1,Café caturra,Coffea arabica L. cv. Caturra,1.37,7.23,5.23,1.75,2.405,8.541,4.27
338,1,Café caturra,Coffea arabica L. cv. Caturra,2.06,10.8,5.05,1.85,2.688,7.945,3.973
339,1,Café caturra,Coffea arabica L. cv. Caturra,1.95,5.26,3.26,1.94,2.956,3.22,1.61
340,1,Café caturra,Coffea arabica L. cv. Caturra,1.16,9.17,7.21,1.97,3.048,16.566,8.283
341,1,Café caturra,Coffea arabica L. cv. Caturra,2.13,6.61,4.61,2.06,3.333,6.583,3.291
342,1,Café caturra,Coffea arabica L. cv. Caturra,2.4,5.84,3.84,1.94,2.956,4.515,2.257
343,1,Café caturra,Coffea arabica L. cv. Caturra,1.14,5.54,3.54,1.85,2.688,3.817,1.909
344,1,Café caturra,Coffea arabica L. cv. Caturra,1.2,9.87,7.6,1.84,2.659,18.468,9.234
345,1,Café caturra,Coffea arabica L. cv. Caturra,1.45,7.38,3.9,1.98,3.079,4.661,2.331
346,1,Café caturra,Coffea arabica L. cv. Caturra,1.62,10.07,5.37,1.69,2.243,9.019,4.51
347,1,Café caturra,Coffea arabica L. cv. Caturra,1.17,5.46,3.46,2.06,3.333,3.641,1.821
348,1,Café caturra,Coffea arabica L. cv. Caturra,1.45,7.21,4.57,1.71,2.297,6.465,3.233
349,1,Café caturra,Coffea arabica L. cv. Caturra,1.5,8.78,5.61,1.91,2.865,9.871,4.935
350,1,Café caturra,Coffea arabica L. cv. Caturra,1.86,10.54,6.02,2.03,3.237,11.417,5.709
351,1,Café caturra,Coffea arabica L. cv. Caturra,2,7.23,6.08,1.73,2.351,11.653,5.827
352,1,Café caturra,Coffea arabica L. cv. Caturra,2.11,9.38,7.29,1.88,2.776,16.947,8.474
353,1,Café caturra,Coffea arabica L. cv. Caturra,1.78,11.2,9.6,1.75,2.405,29.907,14.954
354,1,Café caturra,Coffea arabica L. cv. Caturra,1.24,9.31,4.68,1.78,2.488,6.791,3.395
355,1,Café caturra,Coffea arabica L. cv. Caturra,1.75,6.63,3.85,1.82,2.602,4.539,2.269
356,1,Café caturra,Coffea arabica L. cv. Caturra,2.01,5.17,4.38,2.08,3.398,5.923,2.962
357,1,Café caturra,Coffea arabica L. cv. Caturra,1.51,11.09,9.21,1.78,2.488,27.454,13.727
358,1,Café caturra,Coffea arabica L. cv. Caturra,2.04,5.15,3.15,1.9,2.835,3,1.5
359,1,Café caturra,Coffea arabica L. cv. Caturra,1.95,11.12,5,1.98,3.079,7.784,3.892
360,1,Café caturra,Coffea arabica L. cv. Caturra,1.3,8.7,6.7,1.92,2.895,14.239,7.119
361,1,Café caturra,Coffea arabica L. cv. Caturra,1.4,11.57,9.03,1.7,2.27,26.359,13.179
362,1,Café caturra,Coffea arabica L. cv. Caturra,1.94,10.59,8.93,1.94,2.956,25.76,12.88
363,1,Café caturra,Coffea arabica L. cv. Caturra,1.74,11.99,9.43,1.68,2.217,28.825,14.412
364,1,Café caturra,Coffea arabica L. cv. Caturra,2.23,7.45,4.77,1.85,2.688,7.063,3.531
365,1,Café caturra,Coffea arabica L. cv. Caturra,1.68,10.37,8.29,1.79,2.517,22.095,11.048
366,1,Café caturra,Coffea arabica L. cv. Caturra,2.13,7.81,6.22,1.9,2.835,12.214,6.107
367,1,Café caturra,Coffea arabica L. cv. Caturra,1.14,8.36,6.36,2.01,3.173,12.788,6.394
368,1,Café caturra,Coffea arabica L. cv. Caturra,1.67,9.39,8.1,2.02,3.205,21.063,10.531
369,1,Café caturra,Coffea arabica L. cv. Caturra,1.72,11.12,8.44,2.01,3.173,22.928,11.464
370,1,Café caturra,Coffea arabica L. cv. Caturra,2.04,11.89,7.59,2.07,3.365,18.418,9.209
371,1,Café caturra,Coffea arabica L. cv. Caturra,2.3,10.38,4.24,1.72,2.324,5.539,2.769
372,1,Café caturra,Coffea arabica L. cv. Caturra,1.5,7.92,6.82,1.82,2.602,14.77,7.385
373,1,Café caturra,Coffea arabica L. cv. Caturra,1.32,7.95,5.95,1.81,2.573,11.145,5.572
374,1,Café caturra,Coffea arabica L. cv. Caturra,1.15,10.16,9.56,1.98,3.079,29.651,14.825
375,1,Café caturra,Coffea arabica L. cv. Caturra,1.83,6.67,3.3,2.02,3.205,3.302,1.651
376,1,Café caturra,Coffea arabica L. cv. Caturra,1.58,5.77,4.15,2.01,3.173,5.299,2.65
377,1,Café caturra,Coffea arabica L. cv. Caturra,2.09,7.48,3.92,2.02,3.205,4.711,2.355
378,1,Café caturra,Coffea arabica L. cv. Caturra,1.71,7.01,5.01,1.97,3.048,7.816,3.908
379,1,Café caturra,Coffea arabica L. cv. Caturra,2.05,7.07,5.07,2.02,3.205,8.01,4.005
380,1,Café caturra,Coffea arabica L. cv. Caturra,2.37,6.64,4.49,2.01,3.173,6.234,3.117
381,1,Café caturra,Coffea arabica L. cv. Caturra,1.27,5.29,3.29,1.69,2.243,3.282,1.641
382,1,Café caturra,Coffea arabica L. cv. Caturra,1.77,5.13,3.13,1.81,2.573,2.961,1.48
383,1,Café caturra,Coffea arabica L. cv. Caturra,1.65,11.91,8.13,1.82,2.602,21.224,10.612
384,1,Café caturra,Coffea arabica L. cv. Caturra,2.16,7.99,6.8,1.85,2.688,14.681,7.34
385,1,Café caturra,Coffea arabica L. cv. Caturra,1.75,7.69,7.13,1.86,2.717,16.189,8.094
386,1,Café caturra,Coffea arabica L. cv. Caturra,1.3,9.76,6.56,1.88,2.776,13.631,6.816
387,1,Café caturra,Coffea arabica L. cv. Caturra,2.31,6.53,5.08,1.98,3.079,8.043,4.021
388,1,Café caturra,Coffea arabica L. cv. Caturra,2.17,11.65,6.96,1.94,2.956,15.402,7.701
389,1,Café caturra,Coffea arabica L. cv. Caturra,2.31,10.5,7.82,1.92,2.895,19.588,9.794
390,1,Café caturra,Coffea arabica L. cv. Caturra,1.99,5.63,3.63,1.94,2.956,4.02,2.01
391,1,Café caturra,Coffea arabica L. cv. Caturra,1.54,7.92,7.45,1.98,3.079,17.724,8.862
392,1,Café caturra,Coffea arabica L. cv. Caturra,2.19,11.15,8.33,1.97,3.048,22.316,11.158
393,1,Café caturra,Coffea arabica L. cv. Caturra,1.56,11.61,4.12,1.89,2.806,5.22,2.61
394,1,Café caturra,Coffea arabica L. cv. Caturra,2.3,8.27,6.23,1.83,2.63,12.254,6.127
395,1,Café caturra,Coffea arabica L. cv. Caturra,1.68,9.29,3.07,1.79,2.517,2.845,1.422
396,1,Café caturra,Coffea arabica L. cv. Caturra,2.06,6.17,4.73,1.74,2.378,6.941,3.471
397,1,Café caturra,Coffea arabica L. cv. Caturra,1.4,11.94,8.09,1.72,2.324,21.009,10.505
398,1,Café caturra,Coffea arabica L. cv. Caturra,1.88,6.62,4.62,1.81,2.573,6.612,3.306
399,1,Café caturra,Coffea arabica L. cv. Caturra,1.12,11.6,3.69,1.86,2.717,4.158,2.079
400,1,Café caturra,Coffea arabica L. cv. Caturra,2.1,9.55,5.81,1.82,2.602,10.611,5.305
401,1,Café caturra,Coffea arabica L. cv. Caturra,1.74,9.25,8.6,1.95,2.986,23.834,11.917
402,1,Café caturra,Coffea arabica L. cv. Caturra,1.33,8.59,4.43,1.88,2.776,6.063,3.032
403,1,Café caturra,Coffea arabica L. cv. Caturra,1.76,6.61,4.61,1.93,2.926,6.583,3.291
404,1,Café caturra,Coffea arabica L. cv. Caturra,1.46,6.24,4.24,1.88,2.776,5.539,2.769
405,1,Café caturra,Coffea arabica L. cv. Caturra,1.36,6.54,4.54,2.09,3.431,6.378,3.189
406,1,Café caturra,Coffea arabica L. cv. Caturra,1.62,6.31,4.32,1.86,2.717,5.757,2.878
407,1,Café caturra,Coffea arabica L. cv. Caturra,1.22,10.46,5.49,2,3.142,9.44,4.72
408,1,Café caturra,Coffea arabica L. cv. Caturra,1.81,7.45,5.45,1.77,2.461,9.299,4.649
409,1,Café caturra,Coffea arabica L. cv. Caturra,1.89,5.4,3.4,2.03,3.237,3.512,1.756
410,1,Café caturra,Coffea arabica L. cv. Caturra,1.8,11.78,3.04,2.07,3.365,2.788,1.394
411,1,Café caturra,Coffea arabica L. cv. Caturra,1.9,11.19,8.33,2.07,3.365,22.316,11.158
412,1,Café caturra,Coffea arabica L. cv. Caturra,2.19,11.49,3.25,1.91,2.865,3.2,1.6
413,1,Café caturra,Coffea arabica L. cv. Caturra,1.21,11.96,8.22,1.73,2.351,21.712,10.856
414,1,Café caturra,Coffea arabica L. cv. Caturra,1.38,6.22,4.42,1.94,2.956,6.035,3.018
415,1,Café caturra,Coffea arabica L. cv. Caturra,1.91,7.77,5.77,1.76,2.433,10.46,5.23
416,1,Café caturra,Coffea arabica L. cv. Caturra,2.17,10.31,5.58,1.99,3.11,9.762,4.881
417,1,Café caturra,Coffea arabica L. cv. Caturra,1.3,9.87,5.29,1.93,2.926,8.744,4.372
418,1,Café caturra,Coffea arabica L. cv. Caturra,1.2,6.08,4.04,1.97,3.048,5.013,2.507
419,1,Café caturra,Coffea arabica L. cv. Caturra,1.43,10.71,5.14,1.87,2.746,8.24,4.12
420,1,Café caturra,Coffea arabica L. cv. Caturra,1.35,6.57,4.57,1.74,2.378,6.465,3.233
421,1,Café caturra,Coffea arabica L. cv. Caturra,1.13,6.57,4.57,1.79,2.517,6.465,3.233
422,1,Café caturra,Coffea arabica L. cv. Caturra,1.22,8.76,5.58,1.84,2.659,9.762,4.881
423,1,Café caturra,Coffea arabica L. cv. Caturra,2.01,9.15,6.14,1.92,2.895,11.892,5.946
424,1,Café caturra,Coffea arabica L. cv. Caturra,1.83,9.06,8.05,2,3.142,20.796,10.398
425,1,Café caturra,Coffea arabica L. cv. Caturra,1.43,5.64,3.64,1.92,2.895,4.043,2.021
426,1,Café caturra,Coffea arabica L. cv. Caturra,1.85,11.14,7.15,1.95,2.986,16.283,8.141
427,1,Café caturra,Coffea arabica L. cv. Caturra,1.55,6.86,5.74,1.83,2.63,10.348,5.174
428,1,Café caturra,Coffea arabica L. cv. Caturra,1.43,5.91,3.91,1.88,2.776,4.686,2.343
429,1,Café caturra,Coffea arabica L. cv. Caturra,2.27,11.22,7.87,1.77,2.461,19.847,9.924
430,1,Café caturra,Coffea arabica L. cv. Caturra,2.07,11.69,3.02,1.96,3.017,2.75,1.375
431,1,Café caturra,Coffea arabica L. cv. Caturra,1.77,11.03,7.34,1.77,2.461,17.188,8.594
432,1,Café caturra,Coffea arabica L. cv. Caturra,2.18,10.67,5.49,1.88,2.776,9.44,4.72
433,1,Café caturra,Coffea arabica L. cv. Caturra,2.11,9.59,8.56,1.91,2.865,23.606,11.803
434,1,Café caturra,Coffea arabica L. cv. Caturra,2.31,8.86,3.65,1.73,2.351,4.066,2.033
435,1,Café caturra,Coffea arabica L. cv. Caturra,1.46,5.61,3.61,1.78,2.488,3.974,1.987
436,1,Café caturra,Coffea arabica L. cv. Caturra,2.05,7.86,6.37,1.82,2.602,12.829,6.415
437,1,Café caturra,Coffea arabica L. cv. Caturra,1.12,7.61,5.61,1.7,2.27,9.871,4.935
438,1,Café caturra,Coffea arabica L. cv. Caturra,1.71,6.82,3.45,2.08,3.398,3.62,1.81
439,1,Café caturra,Coffea arabica L. cv. Caturra,1.18,10.06,7.06,2.01,3.173,15.862,7.931
440,1,Café caturra,Coffea arabica L. cv. Caturra,2.3,8.47,6.93,1.98,3.079,15.266,7.633
441,1,Café caturra,Coffea arabica L. cv. Caturra,1.99,5.57,3.57,1.78,2.488,3.884,1.942
442,1,Café caturra,Coffea arabica L. cv. Caturra,1.24,6.54,4.54,1.74,2.378,6.378,3.189
443,1,Café caturra,Coffea arabica L. cv. Caturra,2.24,9.78,7.74,1.78,2.488,19.177,9.588
444,1,Café caturra,Coffea arabica L. cv. Caturra,1.18,5.53,3.53,1.79,2.517,3.795,1.897
445,1,Café caturra,Coffea arabica L. cv. Caturra,1.38,10.96,4.89,1.78,2.488,7.434,3.717
446,1,Café caturra,Coffea arabica L. cv. Caturra,1.38,8.47,6.47,1.68,2.217,13.248,6.624
447,1,Café caturra,Coffea arabica L. cv. Caturra,2.36,8.36,6.49,1.99,3.11,13.333,6.666
448,1,Café caturra,Coffea arabica L. cv. Caturra,2.06,9.15,3.54,1.92,2.895,3.817,1.909
449,1,Café caturra,Coffea arabica L. cv. Caturra,1.45,10.77,3.41,2.07,3.365,3.533,1.767
450,1,Café caturra,Coffea arabica L. cv. Caturra,1.96,7.43,5.34,2.03,3.237,8.915,4.458
451,1,Café caturra,Coffea arabica L. cv. Caturra,2.33,9.75,8.49,1.71,2.297,23.209,11.605
452,1,Café caturra,Coffea arabica L. cv. Caturra,1.8,8.96,7.95,1.8,2.545,20.266,10.133
453,1,Café caturra,Coffea arabica L. cv. Caturra,2.3,6.87,4.87,1.72,2.324,7.372,3.686
454,1,Café caturra,Coffea arabica L. cv. Caturra,1.15,11.15,6.62,1.95,2.986,13.89,6.945
455,1,Café caturra,Coffea arabica L. cv. Caturra,2.06,10.58,6.08,1.95,2.986,11.653,5.827
456,1,Café caturra,Coffea arabica L. cv. Caturra,2.26,9.61,4.03,1.73,2.351,4.988,2.494
457,1,Café caturra,Coffea arabica L. cv. Caturra,2.1,10.95,5.3,1.72,2.324,8.778,4.389
458,1,Café caturra,Coffea arabica L. cv. Caturra,2.13,11.07,6.04,2.02,3.205,11.496,5.748
459,1,Café caturra,Coffea arabica L. cv. Caturra,1.9,9.96,3.62,2,3.142,3.997,1.999
460,1,Café caturra,Coffea arabica L. cv. Caturra,1.66,10.86,4.54,2.02,3.205,6.378,3.189
461,1,Café caturra,Coffea arabica L. cv. Caturra,1.77,9.88,7.19,1.77,2.461,16.471,8.236
462,1,Café caturra,Coffea arabica L. cv. Caturra,2.23,9.76,8.15,1.9,2.835,21.332,10.666
463,1,Café caturra,Coffea arabica L. cv. Caturra,2.02,9.33,7.33,2.07,3.365,17.14,8.57
464,1,Café caturra,Coffea arabica L. cv. Caturra,1.54,10.27,9.53,1.87,2.746,29.459,14.73
465,1,Café caturra,Coffea arabica L. cv. Caturra,1.15,6.11,4.11,1.82,2.602,5.194,2.597
466,1,Café caturra,Coffea arabica L. cv. Caturra,1.32,11.17,5.95,1.67,2.19,11.145,5.572
467,1,Café caturra,Coffea arabica L. cv. Caturra,1.65,11.1,7.45,1.83,2.63,17.724,8.862
468,1,Café caturra,Coffea arabica L. cv. Caturra,1.43,5.2,3.2,2.09,3.431,3.099,1.55
469,1,Café caturra,Coffea arabica L. cv. Caturra,2.38,10.78,3.83,1.76,2.433,4.49,2.245
470,1,Café caturra,Coffea arabica L. cv. Caturra,2.26,5.9,3.9,1.85,2.688,4.661,2.331
471,1,Café caturra,Coffea arabica L. cv. Caturra,1.9,7.35,5.35,1.82,2.602,8.95,4.475
472,1,Café caturra,Coffea arabica L. cv. Caturra,2.02,10.2,5.69,1.76,2.433,10.163,5.082
473,1,Café caturra,Coffea arabica L. cv. Caturra,1.82,6.13,4.13,1.97,3.048,5.247,2.623
474,1,Café caturra,Coffea arabica L. cv. Caturra,2.25,10.73,7.11,2.03,3.237,16.095,8.048
475,1,Café caturra,Coffea arabica L. cv. Caturra,1.98,10.82,4.29,1.73,2.351,5.675,2.837
476,1,Café caturra,Coffea arabica L. cv. Caturra,2.1,8.55,5.54,1.83,2.63,9.618,4.809
477,1,Café caturra,Coffea arabica L. cv. Caturra,1.97,5.04,3.04,1.88,2.776,2.788,1.394
478,1,Café caturra,Coffea arabica L. cv. Caturra,1.73,7.01,3.18,1.89,2.806,3.059,1.53
479,1,Café caturra,Coffea arabica L. cv. Caturra,1.61,9.32,3.17,1.8,2.545,3.039,1.52
480,1,Café caturra,Coffea arabica L. cv. Caturra,1.77,11.87,8.82,1.75,2.405,25.109,12.555
481,1,Café caturra,Coffea arabica L. cv. Caturra,1.97,9.42,4.91,1.79,2.517,7.497,3.749
482,1,Café caturra,Coffea arabica L. cv. Caturra,1.78,6.82,4.82,1.86,2.717,7.217,3.608
483,1,Café caturra,Coffea arabica L. cv. Caturra,1.67,9.44,5.09,1.88,2.776,8.076,4.038
484,1,Café caturra,Coffea arabica L. cv. Caturra,1.4,8.78,6.78,1.84,2.659,14.592,7.296
485,1,Café caturra,Coffea arabica L. cv. Caturra,1.2,10.46,4.82,1.76,2.433,7.217,3.608
486,1,Café caturra,Coffea arabica L. cv. Caturra,1.68,5.75,3.75,2.07,3.365,4.299,2.15
487,1,Café caturra,Coffea arabica L. cv. Caturra,1.41,10.33,9.11,1.94,2.956,26.843,13.421
488,1,Café caturra,Coffea arabica L. cv. Caturra,2.25,8.79,6.79,1.91,2.865,14.636,7.318
489,1,Café caturra,Coffea arabica L. cv. Caturra,1.52,11.74,4.3,1.75,2.405,5.702,2.851
490,1,Café caturra,Coffea arabica L. cv. Caturra,2.23,7.39,5.39,1.87,2.746,9.089,4.544
491,1,Café caturra,Coffea arabica L. cv. Caturra,2.03,9.43,6.21,1.98,3.079,12.173,6.087
492,1,Café caturra,Coffea arabica L. cv. Caturra,1.2,11.52,6.38,2.02,3.205,12.871,6.435
493,1,Café caturra,Coffea arabica L. cv. Caturra,2.19,5.72,3.93,1.97,3.048,4.736,2.368
494,1,Café caturra,Coffea arabica L. cv. Caturra,1.96,11.56,3.56,1.95,2.986,3.862,1.931
495,1,Café caturra,Coffea arabica L. cv. Caturra,1.51,9.82,8.1,1.68,2.217,21.063,10.531
496,1,Café caturra,Coffea arabica L. cv. Caturra,1.56,5.47,3.47,2.01,3.173,3.663,1.831
497,1,Café caturra,Coffea arabica L. cv. Caturra,1.71,7.11,6.06,1.79,2.517,11.574,5.787
498,1,Café caturra,Coffea arabica L. cv. Caturra,2.37,9.96,8.11,1.91,2.865,21.117,10.558
499,1,Café caturra,Coffea arabica L. cv. Caturra,1.56,5.47,3.47,2,3.142,3.663,1.831
500,1,Café caturra,Coffea arabica L. cv. Caturra,2,9.08,4.11,1.95,2.986,5.194,2.597
501,1,Café caturra,Coffea arabica L. cv. Caturra,1.75,7.42,5.42,1.74,2.378,9.193,4.597
502,1,Café caturra,Coffea arabica L. cv. Caturra,2.17,9.35,3.95,2.1,3.464,4.786,2.393
503,1,Café caturra,Coffea arabica L. cv. Caturra,1.35,5.32,3.32,1.68,2.217,3.344,1.672
504,1,Café caturra,Coffea arabica L. cv. Caturra,1.51,11.1,7.6,1.79,2.517,18.468,9.234
505,1,Café caturra,Coffea arabica L. cv. Caturra,1.6,11.81,9.7,2.03,3.237,30.554,15.277
506,1,Café caturra,Coffea arabica L. cv. Caturra,1.92,11.78,3.48,1.84,2.659,3.685,1.842
507,1,Café caturra,Coffea arabica L. cv. Caturra,2.37,10.25,3.4,1.88,2.776,3.512,1.756
508,1,Café caturra,Coffea arabica L. cv. Caturra,1.25,5.91,4.98,1.97,3.048,7.72,3.86
509,1,Café caturra,Coffea arabica L. cv. Caturra,1.53,10.31,4.83,1.92,2.895,7.247,3.624
510,1,Café caturra,Coffea arabica L. cv. Caturra,1.73,5.17,4.73,2.09,3.431,6.941,3.471
511,1,Café caturra,Coffea arabica L. cv. Caturra,1.8,5.15,3.15,1.98,3.079,3,1.5
512,1,Café caturra,Coffea arabica L. cv. Caturra,1.91,7.27,4.75,1.97,3.048,7.002,3.501
513,1,Café caturra,Coffea arabica L. cv. Caturra,1.41,8.42,4.9,2.01,3.173,7.466,3.733
514,1,Café caturra,Coffea arabica L. cv. Caturra,1.14,10.39,8.32,1.83,2.63,22.261,11.13
515,1,Café caturra,Coffea arabica L. cv. Caturra,1.21,9.78,6.15,1.92,2.895,11.932,5.966
516,1,Café caturra,Coffea arabica L. cv. Caturra,1.92,8.12,6.12,1.73,2.351,11.812,5.906
517,1,Café caturra,Coffea arabica L. cv. Caturra,1.72,6.92,3.46,2.09,3.431,3.641,1.821
518,1,Café caturra,Coffea arabica L. cv. Caturra,1.22,11.98,6.41,1.76,2.433,12.996,6.498
519,1,Café caturra,Coffea arabica L. cv. Caturra,1.8,7.98,3.24,1.82,2.602,3.18,1.59
520,1,Café caturra,Coffea arabica L. cv. Caturra,2.11,8.16,3.44,2.06,3.333,3.598,1.799
521,1,Café caturra,Coffea arabica L. cv. Caturra,2.3,6.15,4.15,2.09,3.431,5.299,2.65
522,1,Café caturra,Coffea arabica L. cv. Caturra,2.25,10.56,3.97,1.84,2.659,4.836,2.418
523,1,Café caturra,Coffea arabica L. cv. Caturra,1.79,9.86,6.73,1.91,2.865,14.37,7.185
524,1,Café caturra,Coffea arabica L. cv. Caturra,1.77,6.55,5.88,1.77,2.461,10.876,5.438
525,1,Café caturra,Coffea arabica L. cv. Caturra,1.4,5.58,3.58,1.93,2.926,3.907,1.953
526,1,Café caturra,Coffea arabica L. cv. Caturra,1.14,9.76,9.3,2.01,3.173,28.011,14.005
527,1,Café caturra,Coffea arabica L. cv. Caturra,1.38,9.58,3.15,1.86,2.717,3,1.5
528,1,Café caturra,Coffea arabica L. cv. Caturra,2,6.91,4.91,2.01,3.173,7.497,3.749
529,1,Café caturra,Coffea arabica L. cv. Caturra,1.93,11.66,9.74,1.9,2.835,30.814,15.407
530,1,Café caturra,Coffea arabica L. cv. Caturra,1.14,6.06,4.06,1.91,2.865,5.065,2.532
531,1,Café caturra,Coffea arabica L. cv. Caturra,1.23,8.03,6.03,2,3.142,11.456,5.728
532,1,Café caturra,Coffea arabica L. cv. Caturra,2.19,11.61,3.37,1.82,2.602,3.448,1.724
533,1,Café caturra,Coffea arabica L. cv. Caturra,1.52,7.94,5.93,2.01,3.173,11.068,5.534
534,1,Café caturra,Coffea arabica L. cv. Caturra,2.02,9.47,4.82,2,3.142,7.217,3.608
535,1,Café caturra,Coffea arabica L. cv. Caturra,1.36,7.78,5.78,2.02,3.205,10.498,5.249
536,1,Café caturra,Coffea arabica L. cv. Caturra,2.1,6.92,4.92,1.67,2.19,7.529,3.764
537,1,Café caturra,Coffea arabica L. cv. Caturra,1.35,11.89,4.8,1.83,2.63,7.155,3.577
538,1,Café caturra,Coffea arabica L. cv. Caturra,1.96,7.87,5.87,1.91,2.865,10.838,5.419
539,1,Café caturra,Coffea arabica L. cv. Caturra,1.82,11.26,4.39,2.05,3.301,5.951,2.975
540,1,Café caturra,Coffea arabica L. cv. Caturra,1.81,6.61,4.61,1.85,2.688,6.583,3.291
541,1,Café caturra,Coffea arabica L. cv. Caturra,1.46,6.49,4.49,1.9,2.835,6.234,3.117
542,1,Café caturra,Coffea arabica L. cv. Caturra,2.3,5.22,3.22,2.02,3.205,3.139,1.57
543,1,Café caturra,Coffea arabica L. cv. Caturra,1.96,9.56,7.26,1.82,2.602,16.804,8.402
544,1,Café caturra,Coffea arabica L. cv. Caturra,1.32,7.58,5.45,1.74,2.378,9.299,4.649
545,1,Café caturra,Coffea arabica L. cv. Caturra,1.12,11.05,3.8,2.08,3.398,4.418,2.209
546,1,Café caturra,Coffea arabica L. cv. Caturra,1.34,8.31,4.06,1.86,2.717,5.065,2.532
547,1,Café caturra,Coffea arabica L. cv. Caturra,1.25,11.78,4.58,2,3.142,6.495,3.247
548,1,Café caturra,Coffea arabica L. cv. Caturra,1.14,6.3,4.76,2.09,3.431,7.032,3.516
549,1,Café caturra,Coffea arabica L. cv. Caturra,2.35,11.08,8.95,2.03,3.237,25.879,12.94
550,1,Café caturra,Coffea arabica L. cv. Caturra,1.78,10.44,6.93,1.76,2.433,15.266,7.633
551,1,Café caturra,Coffea arabica L. cv. Caturra,1.83,10.4,6.66,1.78,2.488,14.064,7.032
552,1,Café caturra,Coffea arabica L. cv. Caturra,2.07,10.91,3.8,1.89,2.806,4.418,2.209
553,1,Café caturra,Coffea arabica L. cv. Caturra,2.24,10.33,9.02,1.89,2.806,26.298,13.149
554,1,Café caturra,Coffea arabica L. cv. Caturra,1.63,9.38,8.06,1.7,2.27,20.849,10.424
555,1,Café caturra,Coffea arabica L. cv. Caturra,2.25,5.92,3.47,1.81,2.573,3.663,1.831
556,1,Café caturra,Coffea arabica L. cv. Caturra,1.88,5.23,3.23,1.84,2.659,3.159,1.58
557,1,Café caturra,Coffea arabica L. cv. Caturra,1.5,11.45,6.8,1.67,2.19,14.681,7.34
558,1,Café caturra,Coffea arabica L. cv. Caturra,2.06,9.32,3.57,1.75,2.405,3.884,1.942
559,1,Café caturra,Coffea arabica L. cv. Caturra,1.37,10.58,6.21,1.79,2.517,12.173,6.087
560,1,Café caturra,Coffea arabica L. cv. Caturra,1.18,8.37,6.39,1.92,2.895,12.913,6.456
561,1,Café caturra,Coffea arabica L. cv. Caturra,1.45,5.82,4.16,1.88,2.776,5.325,2.663
562,1,Café caturra,Coffea arabica L. cv. Caturra,1.22,5.88,3.88,2.09,3.431,4.612,2.306
563,1,Café caturra,Coffea arabica L. cv. Caturra,2.15,9.8,8.95,2.08,3.398,25.879,12.94
564,1,Café caturra,Coffea arabica L. cv. Caturra,1.8,8.01,7.68,1.69,2.243,18.871,9.436
565,1,Café caturra,Coffea arabica L. cv. Caturra,1.98,6.4,4.4,1.8,2.545,5.979,2.989
566,1,Café caturra,Coffea arabica L. cv. Caturra,2.06,8.44,5.88,1.76,2.433,10.876,5.438
567,1,Café caturra,Coffea arabica L. cv. Caturra,2.39,5.45,3.45,1.97,3.048,3.62,1.81
568,1,Café caturra,Coffea arabica L. cv. Caturra,1.72,9.07,6.82,2,3.142,14.77,7.385
569,1,Café caturra,Coffea arabica L. cv. Caturra,1.99,6.88,3.44,1.74,2.378,3.598,1.799
570,1,Café caturra,Coffea arabica L. cv. Caturra,2.39,10.58,6.59,1.93,2.926,13.76,6.88
571,1,Café caturra,Coffea arabica L. cv. Caturra,2.1,7.17,5.17,1.82,2.602,8.34,4.17
572,1,Café caturra,Coffea arabica L. cv. Caturra,1.26,8.19,6.21,2.03,3.237,12.173,6.087
573,1,Café caturra,Coffea arabica L. cv. Caturra,1.6,5.08,3.36,1.84,2.659,3.427,1.714
574,1,Café caturra,Coffea arabica L. cv. Caturra,1.43,5.51,3.51,1.76,2.433,3.751,1.875
575,1,Café caturra,Coffea arabica L. cv. Caturra,2.03,7.75,4.41,1.87,2.746,6.007,3.004
576,1,Café caturra,Coffea arabica L. cv. Caturra,1.68,8.36,4.81,1.8,2.545,7.186,3.593
577,1,Café caturra,Coffea arabica L. cv. Caturra,1.82,9.2,4.15,1.88,2.776,5.299,2.65
578,1,Café caturra,Coffea arabica L. cv. Caturra,2.06,7.04,5.31,2.03,3.237,8.812,4.406
579,1,Café caturra,Coffea arabica L. cv. Caturra,1.32,9.86,8.3,1.88,2.776,22.15,11.075
580,1,Café caturra,Coffea arabica L. cv. Caturra,1.8,11.02,6.64,1.8,2.545,13.977,6.988
581,1,Café caturra,Coffea arabica L. cv. Caturra,2.28,10.46,4.43,1.79,2.517,6.063,3.032
582,1,Café caturra,Coffea arabica L. cv. Caturra,2.1,5.28,3.28,1.96,3.017,3.261,1.631
583,1,Café caturra,Coffea arabica L. cv. Caturra,1.14,8.36,6.36,1.76,2.433,12.788,6.394
584,1,Café caturra,Coffea arabica L. cv. Caturra,2.07,5.73,3.73,1.68,2.217,4.252,2.126
585,1,Café caturra,Coffea arabica L. cv. Caturra,2.1,6.69,4.67,1.89,2.806,6.761,3.38
586,1,Café caturra,Coffea arabica L. cv. Caturra,2.13,11.91,6.16,2.08,3.398,11.972,5.986
587,1,Café caturra,Coffea arabica L. cv. Caturra,1.59,6,4,1.9,2.835,4.911,2.456
588,1,Café caturra,Coffea arabica L. cv. Caturra,1.6,8.49,6.49,1.71,2.297,13.333,6.666
589,1,Café caturra,Coffea arabica L. cv. Caturra,1.7,9.33,3.19,1.67,2.19,3.079,1.54
590,1,Café caturra,Coffea arabica L. cv. Caturra,1.76,9.92,3.46,1.67,2.19,3.641,1.821
591,1,Café caturra,Coffea arabica L. cv. Caturra,1.65,8.92,6.25,1.67,2.19,12.336,6.168
592,1,Café caturra,Coffea arabica L. cv. Caturra,1.82,5.07,3.07,1.76,2.433,2.845,1.422
593,1,Café caturra,Coffea arabica L. cv. Caturra,1.33,7.29,6.77,1.87,2.746,14.547,7.274
594,1,Café caturra,Coffea arabica L. cv. Caturra,1.43,8.62,6.48,1.9,2.835,13.291,6.645
595,1,Café caturra,Coffea arabica L. cv. Caturra,1.34,5.62,3.74,1.73,2.351,4.275,2.138
596,1,Café caturra,Coffea arabica L. cv. Caturra,2.3,7.45,5.45,1.92,2.895,9.299,4.649
597,1,Café caturra,Coffea arabica L. cv. Caturra,1.6,5.23,3.23,1.88,2.776,3.159,1.58
598,1,Café caturra,Coffea arabica L. cv. Caturra,2.25,5.55,3.55,1.72,2.324,3.839,1.92
599,1,Café caturra,Coffea arabica L. cv. Caturra,1.13,7.78,5.78,1.82,2.602,10.498,5.249
600,1,Café caturra,Coffea arabica L. cv. Caturra,1.31,5.93,3.93,2.08,3.398,4.736,2.368
601,1,Café caturra,Coffea arabica L. cv. Caturra,1.28,8.97,4.43,1.88,2.776,6.063,3.032
602,1,Café caturra,Coffea arabica L. cv. Caturra,1.47,9.83,6.66,1.94,2.956,14.064,7.032
603,1,Café caturra,Coffea arabica L. cv. Caturra,1.39,10.6,5.01,1.94,2.956,7.816,3.908
604,1,Café caturra,Coffea arabica L. cv. Caturra,1.58,6.4,4.4,1.9,2.835,5.979,2.989
605,1,Café caturra,Coffea arabica L. cv. Caturra,1.45,6.17,4.17,1.86,2.717,5.352,2.676
606,1,Café caturra,Coffea arabica L. cv. Caturra,1.38,5.73,3.73,1.94,2.956,4.252,2.126
607,1,Café caturra,Coffea arabica L. cv. Caturra,1.35,9.46,8.59,2,3.142,23.777,11.888
608,1,Café caturra,Coffea arabica L. cv. Caturra,1.71,9.95,5.77,2.08,3.398,10.46,5.23
609,1,Café caturra,Coffea arabica L. cv. Caturra,1.73,5.22,3.22,1.96,3.017,3.139,1.57
610,1,Café caturra,Coffea arabica L. cv. Caturra,2.09,11.55,6.73,1.89,2.806,14.37,7.185
611,1,Café caturra,Coffea arabica L. cv. Caturra,2.19,5.36,4.11,1.87,2.746,5.194,2.597
612,1,Café caturra,Coffea arabica L. cv. Caturra,1.95,8.79,7.87,1.84,2.659,19.847,9.924
613,1,Café caturra,Coffea arabica L. cv. Caturra,1.52,9.96,8.55,2.06,3.333,23.549,11.775
614,1,Café caturra,Coffea arabica L. cv. Caturra,1.14,11.1,5.22,2.1,3.464,8.507,4.253
615,1,Café caturra,Coffea arabica L. cv. Caturra,1.46,10,9,1.73,2.351,26.178,13.089
616,1,Café caturra,Coffea arabica L. cv. Caturra,2.14,10.61,9.34,2.08,3.398,28.26,14.13
617,1,Café caturra,Coffea arabica L. cv. Caturra,1.14,7.38,4.94,1.67,2.19,7.592,3.796
618,1,Café caturra,Coffea arabica L. cv. Caturra,2.38,10.7,9.88,2.09,3.431,31.735,15.868
619,1,Café caturra,Coffea arabica L. cv. Caturra,1.45,5.56,3.98,1.83,2.63,4.861,2.43
620,1,Café caturra,Coffea arabica L. cv. Caturra,2.24,11.26,4.41,1.85,2.688,6.007,3.004
621,1,Café caturra,Coffea arabica L. cv. Caturra,2.4,8.83,4.29,2.07,3.365,5.675,2.837
622,1,Café caturra,Coffea arabica L. cv. Caturra,2.3,10.72,9.26,1.95,2.986,27.763,13.881
623,1,Café caturra,Coffea arabica L. cv. Caturra,1.86,8.17,7.58,1.71,2.297,18.368,9.184
624,1,Café caturra,Coffea arabica L. cv. Caturra,1.49,9.51,4.06,1.69,2.243,5.065,2.532
625,1,Café caturra,Coffea arabica L. cv. Caturra,1.24,8.68,6.08,1.72,2.324,11.653,5.827
626,1,Café caturra,Coffea arabica L. cv. Caturra,1.23,10.12,7.31,1.9,2.835,17.043,8.522
627,1,Café caturra,Coffea arabica L. cv. Caturra,1.46,5.57,3.58,1.88,2.776,3.907,1.953
628,1,Café caturra,Coffea arabica L. cv. Caturra,1.85,5.42,3.42,1.84,2.659,3.555,1.777
629,1,Café caturra,Coffea arabica L. cv. Caturra,1.65,6.73,4.73,2.01,3.173,6.941,3.471
630,1,Café caturra,Coffea arabica L. cv. Caturra,1.95,6.12,4.12,1.82,2.602,5.22,2.61
631,1,Café caturra,Coffea arabica L. cv. Caturra,2.15,11.1,9.77,1.96,3.017,31.01,15.505
632,1,Café caturra,Coffea arabica L. cv. Caturra,1.56,6.53,5.92,1.84,2.659,11.029,5.515
633,1,Café caturra,Coffea arabica L. cv. Caturra,1.71,11.83,9.89,1.71,2.297,31.802,15.901
634,1,Café caturra,Coffea arabica L. cv. Caturra,1.52,7.36,5.36,1.74,2.378,8.984,4.492
635,1,Café caturra,Coffea arabica L. cv. Caturra,2.14,6.27,4.27,1.81,2.573,5.62,2.81
636,1,Café caturra,Coffea arabica L. cv. Caturra,1.61,10.53,4.16,1.69,2.243,5.325,2.663
637,1,Café caturra,Coffea arabica L. cv. Caturra,2.32,9.61,9.17,1.82,2.602,27.209,13.604
638,1,Café caturra,Coffea arabica L. cv. Caturra,2.4,8.49,5.99,1.82,2.602,11.3,5.65
639,1,Café caturra,Coffea arabica L. cv. Caturra,1.14,8.89,4.14,1.99,3.11,5.273,2.636
640,1,Café caturra,Coffea arabica L. cv. Caturra,2.25,10.03,3.09,1.96,3.017,2.883,1.442
641,1,Café caturra,Coffea arabica L. cv. Caturra,1.27,6.6,4.6,1.99,3.11,6.553,3.277
642,1,Café caturra,Coffea arabica L. cv. Caturra,1.81,11.97,6.69,1.9,2.835,14.195,7.097
643,1,Café caturra,Coffea arabica L. cv. Caturra,2.09,11.82,8.04,1.77,2.461,20.742,10.371
644,1,Café caturra,Coffea arabica L. cv. Caturra,1.82,9.55,9.23,2.07,3.365,27.577,13.789
645,1,Café caturra,Coffea arabica L. cv. Caturra,2.23,6.4,3.56,1.93,2.926,3.862,1.931
646,1,Café caturra,Coffea arabica L. cv. Caturra,1.73,9.76,8.12,1.96,3.017,21.17,10.585
647,1,Café caturra,Coffea arabica L. cv. Caturra,2.09,5.51,4.31,2,3.142,5.729,2.865
648,1,Café caturra,Coffea arabica L. cv. Caturra,1.8,5.21,3.21,1.97,3.048,3.119,1.56
649,1,Café caturra,Coffea arabica L. cv. Caturra,1.63,6.8,4.8,1.81,2.573,7.155,3.577
650,1,Café caturra,Coffea arabica L. cv. Caturra,2.34,8.24,6.79,1.76,2.433,14.636,7.318
651,1,Café caturra,Coffea arabica L. cv. Caturra,1.81,11.08,7.97,1.82,2.602,20.371,10.186
652,1,Café caturra,Coffea arabica L. cv. Caturra,1.47,10.09,5.2,1.96,3.017,8.44,4.22
653,1,Café caturra,Coffea arabica L. cv. Caturra,1.99,10.2,6.3,2.08,3.398,12.54,6.27
654,1,Café caturra,Coffea arabica L. cv. Caturra,2.02,7.98,5.98,1.77,2.461,11.261,5.631
655,1,Café caturra,Coffea arabica L. cv. Caturra,2.19,7.42,6.21,2.04,3.269,12.173,6.087
656,1,Café caturra,Coffea arabica L. cv. Caturra,2.39,7.6,5.5,1.78,2.488,9.475,4.738
657,1,Café caturra,Coffea arabica L. cv. Caturra,2.34,11.91,6.46,1.87,2.746,13.206,6.603
658,1,Café caturra,Coffea arabica L. cv. Caturra,1.98,5.28,3.28,1.89,2.806,3.261,1.631
659,1,Café caturra,Coffea arabica L. cv. Caturra,1.97,11.07,5.35,2.07,3.365,8.95,4.475
660,1,Café caturra,Coffea arabica L. cv. Caturra,2.36,9.05,4.22,2,3.142,5.485,2.743
661,1,Café caturra,Coffea arabica L. cv. Caturra,2.11,8.07,6.07,2.03,3.237,11.614,5.807
662,1,Café caturra,Coffea arabica L. cv. Caturra,1.54,10.08,8.78,1.89,2.806,24.875,12.437
663,1,Café caturra,Coffea arabica L. cv. Caturra,1.79,8.41,3.7,2.06,3.333,4.182,2.091
664,1,Café caturra,Coffea arabica L. cv. Caturra,1.84,11.11,4.68,1.82,2.602,6.791,3.395
665,1,Café caturra,Coffea arabica L. cv. Caturra,2.27,11.3,3.99,1.98,3.079,4.886,2.443
666,1,Café caturra,Coffea arabica L. cv. Caturra,2.26,7.95,5.44,1.83,2.63,9.263,4.632
667,1,Café caturra,Coffea arabica L. cv. Caturra,1.64,6.94,6.15,2,3.142,11.932,5.966
668,1,Café caturra,Coffea arabica L. cv. Caturra,2.35,9.15,8.24,1.9,2.835,21.821,10.911
669,1,Café caturra,Coffea arabica L. cv. Caturra,1.89,11.39,7.56,1.71,2.297,18.268,9.134
670,1,Café caturra,Coffea arabica L. cv. Caturra,1.21,6.47,4.47,1.86,2.717,6.177,3.088
671,1,Café caturra,Coffea arabica L. cv. Caturra,2.31,9.36,5.47,1.81,2.573,9.369,4.685
672,1,Café caturra,Coffea arabica L. cv. Caturra,1.72,9.42,8.89,2.03,3.237,25.522,12.761
673,1,Café caturra,Coffea arabica L. cv. Caturra,1.13,10.13,6.3,1.7,2.27,12.54,6.27
674,1,Café caturra,Coffea arabica L. cv. Caturra,2.28,5.92,3.92,1.7,2.27,4.711,2.355
675,1,Café caturra,Coffea arabica L. cv. Caturra,2.07,10.01,7.44,1.8,2.545,17.675,8.837
676,1,Café caturra,Coffea arabica L. cv. Caturra,1.89,11.36,3.88,1.77,2.461,4.612,2.306
677,1,Café caturra,Coffea arabica L. cv. Caturra,1.67,6.26,4.26,2,3.142,5.593,2.797
678,1,Café caturra,Coffea arabica L. cv. Caturra,1.49,6.66,5.28,1.88,2.776,8.71,4.355
679,1,Café caturra,Coffea arabica L. cv. Caturra,2.22,11.8,7.8,1.97,3.048,19.485,9.742
680,1,Café caturra,Coffea arabica L. cv. Caturra,1.84,6.27,3.49,1.9,2.835,3.707,1.853
681,1,Café caturra,Coffea arabica L. cv. Caturra,2.08,10.98,4.22,1.76,2.433,5.485,2.743
682,1,Café caturra,Coffea arabica L. cv. Caturra,1.53,8.45,6.45,1.71,2.297,13.164,6.582
683,1,Café caturra,Coffea arabica L. cv. Caturra,1.29,6.73,4.59,1.77,2.461,6.524,3.262
684,1,Café caturra,Coffea arabica L. cv. Caturra,1.18,11.1,8.86,2.01,3.173,25.345,12.672
685,1,Café caturra,Coffea arabica L. cv. Caturra,1.65,8.12,4.95,1.82,2.602,7.624,3.812
686,1,Café caturra,Coffea arabica L. cv. Caturra,1.86,8.6,7.5,2.08,3.398,17.97,8.985
687,1,Café caturra,Coffea arabica L. cv. Caturra,1.56,7.51,5.51,1.84,2.659,9.511,4.756
688,1,Café caturra,Coffea arabica L. cv. Caturra,1.51,9.15,6.59,1.78,2.488,13.76,6.88
689,1,Café caturra,Coffea arabica L. cv. Caturra,1.76,6.14,5.14,2.05,3.301,8.24,4.12
690,1,Café caturra,Coffea arabica L. cv. Caturra,1.76,7.74,4.49,1.78,2.488,6.234,3.117
691,1,Café caturra,Coffea arabica L. cv. Caturra,1.87,11.79,3.23,1.81,2.573,3.159,1.58
692,1,Café caturra,Coffea arabica L. cv. Caturra,1.69,6.81,5.13,2,3.142,8.207,4.104
693,1,Café caturra,Coffea arabica L. cv. Caturra,1.11,9.6,7.57,1.78,2.488,18.318,9.159
694,1,Café caturra,Coffea arabica L. cv. Caturra,1.83,7.28,5.28,2.1,3.464,8.71,4.355
695,1,Café caturra,Coffea arabica L. cv. Caturra,1.75,10.41,9.1,1.86,2.717,26.782,13.391
696,1,Café caturra,Coffea arabica L. cv. Caturra,1.27,5.92,3.92,1.74,2.378,4.711,2.355
697,1,Café caturra,Coffea arabica L. cv. Caturra,1.81,11.79,8.52,1.93,2.926,23.379,11.689
698,1,Café caturra,Coffea arabica L. cv. Caturra,2.29,8.18,7.65,1.83,2.63,18.72,9.36
699,1,Café caturra,Coffea arabica L. cv. Caturra,1.73,6.65,4.82,1.9,2.835,7.217,3.608
700,1,Café caturra,Coffea arabica L. cv. Caturra,1.84,5.51,3.51,1.9,2.835,3.751,1.875
701,1,Café caturra,Coffea arabica L. cv. Caturra,1.34,6.19,4.19,2.07,3.365,5.405,2.703
702,1,Café caturra,Coffea arabica L. cv. Caturra,2.25,8.64,6.92,2.05,3.301,15.22,7.61
703,1,Café caturra,Coffea arabica L. cv. Caturra,1.58,7.36,3.78,2.04,3.269,4.37,2.185
704,1,Café caturra,Coffea arabica L. cv. Caturra,1.64,10.8,6.13,1.82,2.602,11.852,5.926
705,1,Café caturra,Coffea arabica L. cv. Caturra,2.34,8.02,6.22,1.89,2.806,12.214,6.107
706,1,Café caturra,Coffea arabica L. cv. Caturra,2.26,6.74,4.74,1.91,2.865,6.972,3.486
707,1,Café caturra,Coffea arabica L. cv. Caturra,1.81,9.32,6.83,2,3.142,14.815,7.407
708,1,Café caturra,Coffea arabica L. cv. Caturra,2.18,9.95,5.66,1.73,2.351,10.053,5.027
709,1,Café caturra,Coffea arabica L. cv. Caturra,1.18,6.17,4.17,2.06,3.333,5.352,2.676
710,1,Café caturra,Coffea arabica L. cv. Caturra,2.27,6.17,3.78,1.95,2.986,4.37,2.185
711,1,Café caturra,Coffea arabica L. cv. Caturra,1.93,5.26,3.26,1.84,2.659,3.22,1.61
712,1,Café caturra,Coffea arabica L. cv. Caturra,1.62,10.15,3.29,1.74,2.378,3.282,1.641
713,1,Café caturra,Coffea arabica L. cv. Caturra,1.26,9.65,8.18,1.94,2.956,21.494,10.747
714,1,Café caturra,Coffea arabica L. cv. Caturra,2.13,8.32,6.32,1.76,2.433,12.622,6.311
715,1,Café caturra,Coffea arabica L. cv. Caturra,2.17,10.91,4.96,1.79,2.517,7.656,3.828
716,1,Café caturra,Coffea arabica L. cv. Caturra,1.45,10.64,9.01,2.09,3.431,26.238,13.119
717,1,Café caturra,Coffea arabica L. cv. Caturra,1.37,9.1,5.05,1.68,2.217,7.945,3.973
718,1,Café caturra,Coffea arabica L. cv. Caturra,1.5,11.08,9.38,1.81,2.573,28.51,14.255
719,1,Café caturra,Coffea arabica L. cv. Caturra,2.27,6.44,4.44,1.87,2.746,6.092,3.046
720,1,Café caturra,Coffea arabica L. cv. Caturra,1.27,5.78,3.78,1.9,2.835,4.37,2.185
721,1,Café caturra,Coffea arabica L. cv. Caturra,1.46,6.89,3.13,1.96,3.017,2.961,1.48
722,1,Café caturra,Coffea arabica L. cv. Caturra,2.18,5.4,3.4,1.7,2.27,3.512,1.756
723,1,Café caturra,Coffea arabica L. cv. Caturra,2.35,8.72,8.09,1.91,2.865,21.009,10.505
724,1,Café caturra,Coffea arabica L. cv. Caturra,1.14,11.56,5.13,2.02,3.205,8.207,4.104
725,1,Café caturra,Coffea arabica L. cv. Caturra,2.01,5.28,3.28,1.86,2.717,3.261,1.631
726,1,Café caturra,Coffea arabica L. cv. Caturra,2.4,5.85,4.97,1.89,2.806,7.688,3.844
727,1,Café caturra,Coffea arabica L. cv. Caturra,1.62,8.17,6.17,1.68,2.217,12.012,6.006
728,1,Café caturra,Coffea arabica L. cv. Caturra,1.11,11.54,3.79,2.09,3.431,4.394,2.197
729,1,Café caturra,Coffea arabica L. cv. Caturra,1.42,7.21,5.21,1.88,2.776,8.473,4.237
730,1,Café caturra,Coffea arabica L. cv. Caturra,1.78,8.55,6.78,1.74,2.378,14.592,7.296
731,1,Café caturra,Coffea arabica L. cv. Caturra,2.39,5.29,3.68,1.98,3.079,4.135,2.068
732,1,Café caturra,Coffea arabica L. cv. Caturra,2.05,6.04,4.69,1.7,2.27,6.821,3.41
733,1,Café caturra,Coffea arabica L. cv. Caturra,2.06,11.91,3.09,1.88,2.776,2.883,1.442
734,1,Café caturra,Coffea arabica L. cv. Caturra,1.15,11.76,6.28,1.99,3.11,12.458,6.229
735,1,Café caturra,Coffea arabica L. cv. Caturra,1.99,5.03,3.03,1.85,2.688,2.769,1.384
736,1,Café caturra,Coffea arabica L. cv. Caturra,1.96,11.66,7.19,2.08,3.398,16.471,8.236
737,1,Café caturra,Coffea arabica L. cv. Caturra,2.21,9.47,5.08,2.1,3.464,8.043,4.021
738,1,Café caturra,Coffea arabica L. cv. Caturra,1.76,11.08,5.1,1.9,2.835,8.108,4.054
739,1,Café caturra,Coffea arabica L. cv. Caturra,2.21,8.18,6.18,1.84,2.659,12.052,6.026
740,1,Café caturra,Coffea arabica L. cv. Caturra,1.81,8.61,3.34,1.81,2.573,3.385,1.693
741,1,Café caturra,Coffea arabica L. cv. Caturra,1.17,8.42,6.42,1.73,2.351,13.038,6.519
742,1,Café caturra,Coffea arabica L. cv. Caturra,1.94,9.67,8.97,1.97,3.048,25.998,12.999
743,1,Café caturra,Coffea arabica L. cv. Caturra,1.83,5.98,3.98,2.01,3.173,4.861,2.43
744,1,Café caturra,Coffea arabica L. cv. Caturra,1.43,5.21,3.21,2.04,3.269,3.119,1.56
745,1,Café caturra,Coffea arabica L. cv. Caturra,2.29,7.16,5.16,1.98,3.079,8.306,4.153
746,1,Café caturra,Coffea arabica L. cv. Caturra,2.34,9.93,4.3,1.94,2.956,5.702,2.851
747,1,Café caturra,Coffea arabica L. cv. Caturra,2.33,6.41,3.55,1.71,2.297,3.839,1.92
748,1,Café caturra,Coffea arabica L. cv. Caturra,1.75,9.71,4.68,1.69,2.243,6.791,3.395
749,1,Café caturra,Coffea arabica L. cv. Caturra,1.93,11.79,8.56,2.08,3.398,23.606,11.803
750,1,Café caturra,Coffea arabica L. cv. Caturra,1.31,5.66,3.24,1.83,2.63,3.18,1.59
751,1,Café caturra,Coffea arabica L. cv. Caturra,2.1,9.71,7.08,2.04,3.269,15.955,7.978
752,1,Café caturra,Coffea arabica L. cv. Caturra,1.63,8.11,6.11,1.95,2.986,11.772,5.886
753,1,Café caturra,Coffea arabica L. cv. Caturra,1.4,11.08,8.99,2.03,3.237,26.118,13.059
754,1,Café caturra,Coffea arabica L. cv. Caturra,1.24,6.24,4.24,2.09,3.431,5.539,2.769
755,1,Café caturra,Coffea arabica L. cv. Caturra,1.94,9.85,3.45,2.01,3.173,3.62,1.81
756,1,Café caturra,Coffea arabica L. cv. Caturra,1.69,10.87,8.82,1.7,2.27,25.109,12.555
757,1,Café caturra,Coffea arabica L. cv. Caturra,1.15,11.61,7.19,1.92,2.895,16.471,8.236
758,1,Café caturra,Coffea arabica L. cv. Caturra,2.19,9.78,3.8,1.85,2.688,4.418,2.209
759,1,Café caturra,Coffea arabica L. cv. Caturra,1.96,8.48,3.66,1.81,2.573,4.089,2.044
760,1,Café caturra,Coffea arabica L. cv. Caturra,1.85,9.32,7.32,1.99,3.11,17.091,8.546
761,1,Café caturra,Coffea arabica L. cv. Caturra,1.6,11.08,7.68,1.9,2.835,18.871,9.436
762,1,Café caturra,Coffea arabica L. cv. Caturra,2.03,8.99,6.99,2,3.142,15.54,7.77
763,1,Café caturra,Coffea arabica L. cv. Caturra,1.59,5.21,3.21,2.07,3.365,3.119,1.56
764,1,Café caturra,Coffea arabica L. cv. Caturra,1.78,11.52,7,1.86,2.717,15.585,7.793
765,1,Café caturra,Coffea arabica L. cv. Caturra,1.84,9.83,6.62,1.75,2.405,13.89,6.945
766,1,Café caturra,Coffea arabica L. cv. Caturra,1.47,9.74,6.01,1.72,2.324,11.378,5.689
767,1,Café caturra,Coffea arabica L. cv. Caturra,1.76,6.51,5.22,1.98,3.079,8.507,4.253
768,1,Café caturra,Coffea arabica L. cv. Caturra,1.84,9.61,6.04,1.83,2.63,11.496,5.748
769,1,Café caturra,Coffea arabica L. cv. Caturra,1.55,7.76,5.76,1.77,2.461,10.423,5.211
770,1,Café caturra,Coffea arabica L. cv. Caturra,2.05,9.56,7.21,1.93,2.926,16.566,8.283
771,1,Café caturra,Coffea arabica L. cv. Caturra,1.84,5.75,3.75,1.92,2.895,4.299,2.15
772,1,Café caturra,Coffea arabica L. cv. Caturra,1.85,9.6,6.1,1.84,2.659,11.732,5.866
773,1,Café caturra,Coffea arabica L. cv. Caturra,1.86,12,7.25,1.94,2.956,16.756,8.378
774,1,Café caturra,Coffea arabica L. cv. Caturra,1.38,5.34,3.34,1.81,2.573,3.385,1.693
775,1,Café caturra,Coffea arabica L. cv. Caturra,1.87,11.84,7.14,1.98,3.079,16.236,8.118
776,1,Café caturra,Coffea arabica L. cv. Caturra,2.3,7.85,5.85,2.06,3.333,10.762,5.381
777,1,Café caturra,Coffea arabica L. cv. Caturra,1.86,11.1,4.66,1.98,3.079,6.731,3.365
778,1,Café caturra,Coffea arabica L. cv. Caturra,1.64,10.48,6.59,1.91,2.865,13.76,6.88
779,1,Café caturra,Coffea arabica L. cv. Caturra,2.33,8.97,3.73,2.06,3.333,4.252,2.126
780,1,Café caturra,Coffea arabica L. cv. Caturra,1.96,10.17,5.69,2.09,3.431,10.163,5.082
781,1,Café caturra,Coffea arabica L. cv. Caturra,2.05,11.15,6.41,1.82,2.602,12.996,6.498
782,1,Café caturra,Coffea arabica L. cv. Caturra,1.97,7.83,5.83,2.04,3.269,10.686,5.343
783,1,Café caturra,Coffea arabica L. cv. Caturra,1.93,7.29,5.29,1.72,2.324,8.744,4.372
784,1,Café caturra,Coffea arabica L. cv. Caturra,1.37,9.67,7.2,1.93,2.926,16.518,8.259
785,1,Café caturra,Coffea arabica L. cv. Caturra,1.53,10.65,8.21,1.91,2.865,21.657,10.829
786,1,Café caturra,Coffea arabica L. cv. Caturra,1.52,10.34,6.54,1.88,2.776,13.546,6.773
787,1,Café caturra,Coffea arabica L. cv. Caturra,1.48,10.58,7.44,1.82,2.602,17.675,8.837
788,1,Café caturra,Coffea arabica L. cv. Caturra,1.44,8.05,3.5,1.76,2.433,3.729,1.864
789,1,Café caturra,Coffea arabica L. cv. Caturra,1.46,10.72,4.78,1.92,2.895,7.093,3.547
790,1,Café caturra,Coffea arabica L. cv. Caturra,2.35,5.84,5.53,1.94,2.956,9.582,4.791
791,1,Café caturra,Coffea arabica L. cv. Caturra,1.55,8.81,6.31,1.95,2.986,12.581,6.291
792,1,Café caturra,Coffea arabica L. cv. Caturra,1.66,5.04,3.32,1.81,2.573,3.344,1.672
793,1,Café caturra,Coffea arabica L. cv. Caturra,2.21,7.27,3.98,1.8,2.545,4.861,2.43
794,1,Café caturra,Coffea arabica L. cv. Caturra,1.17,7.57,4.94,2.08,3.398,7.592,3.796
795,1,Café caturra,Coffea arabica L. cv. Caturra,2.36,7.77,5.77,2.05,3.301,10.46,5.23
796,1,Café caturra,Coffea arabica L. cv. Caturra,2.1,9.87,5.32,1.93,2.926,8.847,4.423
797,1,Café caturra,Coffea arabica L. cv. Caturra,2.08,7.72,6.37,1.7,2.27,12.829,6.415
798,1,Café caturra,Coffea arabica L. cv. Caturra,1.23,8.14,4.37,1.88,2.776,5.895,2.948
799,1,Café caturra,Coffea arabica L. cv. Caturra,1.37,6.66,4.66,2.06,3.333,6.731,3.365
800,1,Café caturra,Coffea arabica L. cv. Caturra,2.22,7.61,4.96,1.76,2.433,7.656,3.828
801,1,Café caturra,Coffea arabica L. cv. Caturra,1.55,6.59,4.45,1.8,2.545,6.12,3.06
802,1,Café caturra,Coffea arabica L. cv. Caturra,2.23,5.51,3.51,1.69,2.243,3.751,1.875
803,1,Café caturra,Coffea arabica L. cv. Caturra,1.17,9.22,3.04,2,3.142,2.788,1.394
804,1,Café caturra,Coffea arabica L. cv. Caturra,2.1,9.68,3.05,2.05,3.301,2.807,1.403
805,1,Café caturra,Coffea arabica L. cv. Caturra,1.51,9.34,4.53,1.7,2.27,6.349,3.175
806,1,Café caturra,Coffea arabica L. cv. Caturra,2.32,8.24,3.26,1.89,2.806,3.22,1.61
807,1,Café caturra,Coffea arabica L. cv. Caturra,1.2,7.66,3.76,1.91,2.865,4.323,2.161
808,1,Café caturra,Coffea arabica L. cv. Caturra,1.66,11.04,5.37,1.99,3.11,9.019,4.51
809,1,Café caturra,Coffea arabica L. cv. Caturra,2.24,8.63,6.63,1.75,2.405,13.933,6.967
810,1,Café caturra,Coffea arabica L. cv. Caturra,1.77,8.35,7,1.85,2.688,15.585,7.793
811,1,Café caturra,Coffea arabica L. cv. Caturra,2.16,5.18,3.18,1.96,3.017,3.059,1.53
812,1,Café caturra,Coffea arabica L. cv. Caturra,1.25,7.39,5.05,2.09,3.431,7.945,3.973
813,1,Café caturra,Coffea arabica L. cv. Caturra,1.3,7.66,5.66,2.1,3.464,10.053,5.027
814,1,Café caturra,Coffea arabica L. cv. Caturra,1.46,7.79,5.78,1.85,2.688,10.498,5.249
815,1,Café caturra,Coffea arabica L. cv. Caturra,1.87,9.06,3.61,1.99,3.11,3.974,1.987
816,1,Café caturra,Coffea arabica L. cv. Caturra,1.18,8.74,7.32,1.76,2.433,17.091,8.546
817,1,Café caturra,Coffea arabica L. cv. Caturra,1.35,9.26,3.8,1.77,2.461,4.418,2.209
818,1,Café caturra,Coffea arabica L. cv. Caturra,1.76,10.35,5.42,2.05,3.301,9.193,4.597
819,1,Café caturra,Coffea arabica L. cv. Caturra,1.27,10.69,6.55,1.7,2.27,13.589,6.794
820,1,Café caturra,Coffea arabica L. cv. Caturra,1.39,10.03,9.12,1.79,2.517,26.904,13.452
821,1,Café caturra,Coffea arabica L. cv. Caturra,1.72,11.69,6.45,1.81,2.573,13.164,6.582
822,1,Café caturra,Coffea arabica L. cv. Caturra,1.28,5.13,3.13,1.88,2.776,2.961,1.48
823,1,Café caturra,Coffea arabica L. cv. Caturra,2.07,6.37,4.37,1.73,2.351,5.895,2.948
824,1,Café caturra,Coffea arabica L. cv. Caturra,2.35,5.05,3.92,1.88,2.776,4.711,2.355
825,1,Café caturra,Coffea arabica L. cv. Caturra,1.93,9.53,4.92,2.04,3.269,7.529,3.764
826,1,Café caturra,Coffea arabica L. cv. Caturra,1.84,11.29,5.76,1.8,2.545,10.423,5.211
827,1,Café caturra,Coffea arabica L. cv. Caturra,1.42,6.7,5.95,1.74,2.378,11.145,5.572
828,1,Café caturra,Coffea arabica L. cv. Caturra,1.91,11.49,5.88,2.05,3.301,10.876,5.438
829,1,Café caturra,Coffea arabica L. cv. Caturra,1.16,5.42,3.42,1.74,2.378,3.555,1.777
830,1,Café caturra,Coffea arabica L. cv. Caturra,2.39,11.54,8,1.8,2.545,20.53,10.265
831,1,Café caturra,Coffea arabica L. cv. Caturra,2.04,7.46,5.46,1.74,2.378,9.334,4.667
832,1,Café caturra,Coffea arabica L. cv. Caturra,1.75,5.71,5.17,1.85,2.688,8.34,4.17
833,1,Café caturra,Coffea arabica L. cv. Caturra,1.16,8.4,6.4,1.89,2.806,12.954,6.477
834,1,Café caturra,Coffea arabica L. cv. Caturra,1.56,6.8,4.8,1.91,2.865,7.155,3.577
835,1,Café caturra,Coffea arabica L. cv. Caturra,1.98,6.99,4.99,1.9,2.835,7.752,3.876
836,1,Café caturra,Coffea arabica L. cv. Caturra,1.85,7.15,3.01,1.84,2.659,2.731,1.366
837,1,Café caturra,Coffea arabica L. cv. Caturra,2.24,10.62,7.45,1.79,2.517,17.724,8.862
838,1,Café caturra,Coffea arabica L. cv. Caturra,1.64,8.77,3.36,1.97,3.048,3.427,1.714
839,1,Café caturra,Coffea arabica L. cv. Caturra,2.33,7.18,4.8,2,3.142,7.155,3.577
840,1,Café caturra,Coffea arabica L. cv. Caturra,1.94,9.27,3.42,2.09,3.431,3.555,1.777
841,1,Café caturra,Coffea arabica L. cv. Caturra,1.95,10.01,7.23,1.74,2.378,16.661,8.33
842,1,Café caturra,Coffea arabica L. cv. Caturra,2.08,6.91,4.91,2.01,3.173,7.497,3.749
843,1,Café caturra,Coffea arabica L. cv. Caturra,2.26,7.89,3.8,2.07,3.365,4.418,2.209
844,1,Café caturra,Coffea arabica L. cv. Caturra,1.97,5.85,3.85,1.68,2.217,4.539,2.269
845,1,Café caturra,Coffea arabica L. cv. Caturra,2.22,6.27,4.27,1.7,2.27,5.62,2.81
846,1,Café caturra,Coffea arabica L. cv. Caturra,1.93,9.77,5.58,1.7,2.27,9.762,4.881
847,1,Café caturra,Coffea arabica L. cv. Caturra,1.56,6.27,3.85,1.99,3.11,4.539,2.269
848,1,Café caturra,Coffea arabica L. cv. Caturra,1.71,8.68,5.93,1.83,2.63,11.068,5.534
849,1,Café caturra,Coffea arabica L. cv. Caturra,1.37,9.96,8.26,2.01,3.173,21.931,10.965
850,1,Café caturra,Coffea arabica L. cv. Caturra,1.51,5.75,3.5,1.98,3.079,3.729,1.864
851,1,Café caturra,Coffea arabica L. cv. Caturra,2.28,8.97,3.56,1.73,2.351,3.862,1.931
852,1,Café caturra,Coffea arabica L. cv. Caturra,1.36,6.8,5.48,2.09,3.431,9.404,4.702
853,1,Café caturra,Coffea arabica L. cv. Caturra,1.22,11.74,9.59,1.81,2.573,29.843,14.922
854,1,Café caturra,Coffea arabica L. cv. Caturra,2.22,8.38,7.68,2.04,3.269,18.871,9.436
855,1,Café caturra,Coffea arabica L. cv. Caturra,2.39,10.64,7.75,2.06,3.333,19.228,9.614
856,1,Café caturra,Coffea arabica L. cv. Caturra,1.22,8.85,5.53,1.83,2.63,9.582,4.791
857,1,Café caturra,Coffea arabica L. cv. Caturra,2.1,5.3,3.3,1.82,2.602,3.302,1.651
858,1,Café caturra,Coffea arabica L. cv. Caturra,2.39,9.43,3.07,2.09,3.431,2.845,1.422
859,1,Café caturra,Coffea arabica L. cv. Caturra,2.23,11.66,7.45,1.92,2.895,17.724,8.862
860,1,Café caturra,Coffea arabica L. cv. Caturra,1.52,9.21,7.21,1.7,2.27,16.566,8.283
861,1,Café caturra,Coffea arabica L. cv. Caturra,1.98,10.73,7.29,1.94,2.956,16.947,8.474
862,1,Café caturra,Coffea arabica L. cv. Caturra,2.05,11.19,9.12,1.85,2.688,26.904,13.452
863,1,Café caturra,Coffea arabica L. cv. Caturra,1.49,6.6,4.6,2.04,3.269,6.553,3.277
864,1,Café caturra,Coffea arabica L. cv. Caturra,1.25,6.48,3.84,1.76,2.433,4.515,2.257
865,1,Café caturra,Coffea arabica L. cv. Caturra,2.02,9.28,7.28,1.7,2.27,16.899,8.45
866,1,Café caturra,Coffea arabica L. cv. Caturra,1.84,7.88,3.47,2.03,3.237,3.663,1.831
867,1,Café caturra,Coffea arabica L. cv. Caturra,1.31,10.88,6.74,1.96,3.017,14.415,7.207
868,1,Café caturra,Coffea arabica L. cv. Caturra,1.78,11.3,3.99,1.97,3.048,4.886,2.443
869,1,Café caturra,Coffea arabica L. cv. Caturra,1.83,7.47,3.08,1.97,3.048,2.864,1.432
870,1,Café caturra,Coffea arabica L. cv. Caturra,1.77,6.66,5.95,1.9,2.835,11.145,5.572
871,1,Café caturra,Coffea arabica L. cv. Caturra,1.9,10.46,5.07,1.93,2.926,8.01,4.005
872,1,Café caturra,Coffea arabica L. cv. Caturra,1.17,6.92,6.4,2.04,3.269,12.954,6.477
873,1,Café caturra,Coffea arabica L. cv. Caturra,2.04,10.76,7.04,1.88,2.776,15.77,7.885
874,1,Café caturra,Coffea arabica L. cv. Caturra,1.59,7.97,3.31,1.76,2.433,3.323,1.661
875,1,Café caturra,Coffea arabica L. cv. Caturra,1.55,9.67,3.86,1.85,2.688,4.563,2.282
876,1,Café caturra,Coffea arabica L. cv. Caturra,1.13,5.67,3.67,2.04,3.269,4.112,2.056
877,1,Café caturra,Coffea arabica L. cv. Caturra,2.05,9.37,5.4,1.79,2.517,9.123,4.562
878,1,Café caturra,Coffea arabica L. cv. Caturra,1.96,8.16,6.16,2.04,3.269,11.972,5.986
879,1,Café caturra,Coffea arabica L. cv. Caturra,2.15,9.11,7.57,2,3.142,18.318,9.159
880,1,Café caturra,Coffea arabica L. cv. Caturra,1.38,6.18,4.18,1.92,2.895,5.378,2.689
881,1,Café caturra,Coffea arabica L. cv. Caturra,2,10.16,7.85,2.03,3.237,19.744,9.872
882,1,Café caturra,Coffea arabica L. cv. Caturra,1.31,11.04,6.01,1.84,2.659,11.378,5.689
883,1,Café caturra,Coffea arabica L. cv. Caturra,1.23,6.52,4.52,2.06,3.333,6.32,3.16
884,1,Café caturra,Coffea arabica L. cv. Caturra,1.62,5.67,4.93,1.8,2.545,7.56,3.78
885,1,Café caturra,Coffea arabica L. cv. Caturra,2.29,5.17,3.17,1.91,2.865,3.039,1.52
886,1,Café caturra,Coffea arabica L. cv. Caturra,1.83,9.49,8.52,2.02,3.205,23.379,11.689
887,1,Café caturra,Coffea arabica L. cv. Caturra,1.93,9.25,6.12,1.73,2.351,11.812,5.906
888,1,Café caturra,Coffea arabica L. cv. Caturra,1.35,8.83,6.83,1.95,2.986,14.815,7.407
889,1,Café caturra,Coffea arabica L. cv. Caturra,1.46,6.62,4.62,2.04,3.269,6.612,3.306
890,1,Café caturra,Coffea arabica L. cv. Caturra,2.12,7.74,5.74,1.81,2.573,10.348,5.174
891,1,Café caturra,Coffea arabica L. cv. Caturra,1.68,9.16,7.16,2.02,3.205,16.33,8.165
892,1,Café caturra,Coffea arabica L. cv. Caturra,2.26,8.48,6.02,2.05,3.301,11.417,5.709
893,1,Café caturra,Coffea arabica L. cv. Caturra,1.44,11.91,5.23,1.84,2.659,8.541,4.27
894,1,Café caturra,Coffea arabica L. cv. Caturra,1.91,5.96,3.96,2.05,3.301,4.811,2.405
895,1,Café caturra,Coffea arabica L. cv. Caturra,1.89,9.87,5.6,1.87,2.746,9.834,4.917
896,1,Café caturra,Coffea arabica L. cv. Caturra,1.43,7.83,7.21,1.9,2.835,16.566,8.283
897,1,Café caturra,Coffea arabica L. cv. Caturra,2.25,8,6,1.87,2.746,11.339,5.67
898,1,Café caturra,Coffea arabica L. cv. Caturra,2.3,10.02,7.82,2.04,3.269,19.588,9.794
899,1,Café caturra,Coffea arabica L. cv. Caturra,2.23,9.85,5.62,1.77,2.461,9.907,4.953
900,1,Café caturra,Coffea arabica L. cv. Caturra,1.35,11.94,4.17,1.93,2.926,5.352,2.676
901,1,Café caturra,Coffea arabica L. cv. Caturra,2.12,5.9,3.9,1.85,2.688,4.661,2.331
902,1,Café caturra,Coffea arabica L. cv. Caturra,1.95,5.73,4,1.86,2.717,4.911,2.456
903,1,Café caturra,Coffea arabica L. cv. Caturra,2.07,10.07,9.23,1.78,2.488,27.577,13.789
904,1,Café caturra,Coffea arabica L. cv. Caturra,2.06,9.05,5.42,1.69,2.243,9.193,4.597
905,1,Café caturra,Coffea arabica L. cv. Caturra,2.38,6.92,4.08,1.76,2.433,5.116,2.558
908,1,Café mundo novo ,Coffea arabica L. cv. Mundo Novo,1.26,11.26,7.46,2.05,3.301,17.773,8.886
909,1,Café mundo novo ,Coffea arabica L. cv. Mundo Novo,1.19,9.95,4.15,1.81,2.573,5.299,2.65
910,1,Café mundo novo ,Coffea arabica L. cv. Mundo Novo,1.99,6.07,4.94,1.94,2.956,7.592,3.796
911,1,Café mundo novo ,Coffea arabica L. cv. Mundo Novo,1.46,9.03,4.36,2.05,3.301,5.867,2.934
912,1,Café mundo novo ,Coffea arabica L. cv. Mundo Novo,2.21,9.25,5.13,1.74,2.378,8.207,4.104
913,1,Café mundo novo ,Coffea arabica L. cv. Mundo Novo,1.95,7.97,3.42,1.74,2.378,3.555,1.777
914,1,Café mundo novo ,Coffea arabica L. cv. Mundo Novo,1.63,10.16,6.11,1.94,2.956,11.772,5.886
915,1,Café mundo novo ,Coffea arabica L. cv. Mundo Novo,1.62,11.54,8,1.71,2.297,20.53,10.265
916,1,Café mundo novo ,Coffea arabica L. cv. Mundo Novo,1.81,11.48,7.8,2.02,3.205,19.485,9.742
917,1,Café mundo novo ,Coffea arabica L. cv. Mundo Novo,2.32,8.16,4.4,2.06,3.333,5.979,2.989
918,1,Café mundo novo ,Coffea arabica L. cv. Mundo Novo,1.64,5.79,6.24,1.72,2.324,12.295,6.147
919,1,Café mundo novo ,Coffea arabica L. cv. Mundo Novo,2.12,11.89,8.28,2.05,3.301,22.04,11.02
920,1,Café mundo novo ,Coffea arabica L. cv. Mundo Novo,1.61,10.87,6.91,1.89,2.806,15.175,7.587
921,1,Café mundo novo ,Coffea arabica L. cv. Mundo Novo,1.35,5.87,6.2,2.1,3.464,12.133,6.066
922,1,Café mundo novo ,Coffea arabica L. cv. Mundo Novo,2.37,11.45,4.95,1.79,2.517,7.624,3.812
923,1,Café mundo novo ,Coffea arabica L. cv. Mundo Novo,1.82,11.09,5,1.94,2.956,7.784,3.892
924,1,Café mundo novo ,Coffea arabica L. cv. Mundo Novo,1.64,8.63,7.02,2.1,3.464,15.678,7.839
925,1,Café mundo novo ,Coffea arabica L. cv. Mundo Novo,2.16,9.14,8.96,1.94,2.956,25.939,12.969
926,1,Café mundo novo ,Coffea arabica L. cv. Mundo Novo,1.8,7.79,6.97,2.02,3.205,15.448,7.724
927,1,Café mundo novo ,Coffea arabica L. cv. Mundo Novo,2.32,5.38,6.35,1.78,2.488,12.746,6.373
928,1,Café mundo novo ,Coffea arabica L. cv. Mundo Novo,1.93,7.35,7.38,1.74,2.378,17.382,8.691
929,1,Café mundo novo ,Coffea arabica L. cv. Mundo Novo,2,10.62,5.79,1.9,2.835,10.535,5.268
930,1,Café mundo novo ,Coffea arabica L. cv. Mundo Novo,2.34,5.03,3.36,1.88,2.776,3.427,1.714
931,1,Café mundo novo ,Coffea arabica L. cv. Mundo Novo,2.39,7.33,6.37,1.84,2.659,12.829,6.415
932,1,Café mundo novo ,Coffea arabica L. cv. Mundo Novo,1.55,7.79,8.75,1.92,2.895,24.7,12.35
933,1,Café mundo novo ,Coffea arabica L. cv. Mundo Novo,1.67,8.76,4.05,2.06,3.333,5.039,2.519
934,1,Café mundo novo ,Coffea arabica L. cv. Mundo Novo,1.16,11.44,7.14,1.78,2.488,16.236,8.118
935,1,Café mundo novo ,Coffea arabica L. cv. Mundo Novo,1.8,7.42,4.21,1.81,2.573,5.458,2.729
936,1,Café mundo novo ,Coffea arabica L. cv. Mundo Novo,1.27,7.43,6.21,1.79,2.517,12.173,6.087
937,1,Café mundo novo ,Coffea arabica L. cv. Mundo Novo,1.64,10.16,3.58,2.03,3.237,3.907,1.953
938,1,Café mundo novo ,Coffea arabica L. cv. Mundo Novo,2.36,8.17,5.7,1.92,2.895,10.2,5.1
939,1,Café mundo novo ,Coffea arabica L. cv. Mundo Novo,1.29,6.57,7.54,1.76,2.433,18.168,9.084
940,1,Café mundo novo ,Coffea arabica L. cv. Mundo Novo,1.86,8.17,5.09,1.77,2.461,8.076,4.038
941,1,Café mundo novo ,Coffea arabica L. cv. Mundo Novo,2.07,5.99,6.99,1.93,2.926,15.54,7.77
942,1,Café mundo novo ,Coffea arabica L. cv. Mundo Novo,1.18,6.23,7.77,2,3.142,19.331,9.665
943,1,Café mundo novo ,Coffea arabica L. cv. Mundo Novo,1.89,8.49,8.56,2.07,3.365,23.606,11.803
944,1,Café mundo novo ,Coffea arabica L. cv. Mundo Novo,1.34,7.93,4.41,2.01,3.173,6.007,3.004
945,1,Café mundo novo ,Coffea arabica L. cv. Mundo Novo,1.7,11.4,5.4,1.88,2.776,9.123,4.562
946,1,Café mundo novo ,Coffea arabica L. cv. Mundo Novo,1.5,7.54,3.91,1.71,2.297,4.686,2.343
947,1,Café mundo novo ,Coffea arabica L. cv. Mundo Novo,1.93,9.06,8.95,2.05,3.301,25.879,12.94
948,1,Café mundo novo ,Coffea arabica L. cv. Mundo Novo,1.21,9.43,8.56,2.09,3.431,23.606,11.803
949,1,Café mundo novo ,Coffea arabica L. cv. Mundo Novo,2.38,5.09,6.24,2,3.142,12.295,6.147
950,1,Café mundo novo ,Coffea arabica L. cv. Mundo Novo,1.32,9.64,8.05,1.78,2.488,20.796,10.398
951,1,Café mundo novo ,Coffea arabica L. cv. Mundo Novo,1.36,6.25,6.13,1.73,2.351,11.852,5.926
952,1,Café mundo novo ,Coffea arabica L. cv. Mundo Novo,1.23,11.73,6.74,2.07,3.365,14.415,7.207
953,1,Café mundo novo ,Coffea arabica L. cv. Mundo Novo,1.17,6.04,3.53,2.09,3.431,3.795,1.897
954,1,Café mundo novo ,Coffea arabica L. cv. Mundo Novo,2.18,7.9,7.53,2.09,3.431,18.119,9.059
955,1,Café mundo novo ,Coffea arabica L. cv. Mundo Novo,1.33,5.6,3.77,1.88,2.776,4.347,2.173
956,1,Café mundo novo ,Coffea arabica L. cv. Mundo Novo,1.93,11.98,7.96,2.05,3.301,20.319,10.159
957,1,Café mundo novo ,Coffea arabica L. cv. Mundo Novo,1.96,8.52,7.69,2.03,3.237,18.922,9.461
958,1,Café mundo novo ,Coffea arabica L. cv. Mundo Novo,1.65,9.17,7.25,1.74,2.378,16.756,8.378
959,1,Café mundo novo ,Coffea arabica L. cv. Mundo Novo,1.36,5.47,3.22,1.94,2.956,3.139,1.57
960,1,Café mundo novo ,Coffea arabica L. cv. Mundo Novo,1.22,10.25,4.82,1.82,2.602,7.217,3.608
961,1,Café mundo novo ,Coffea arabica L. cv. Mundo Novo,1.17,6.47,4.58,1.74,2.378,6.495,3.247
962,1,Café mundo novo ,Coffea arabica L. cv. Mundo Novo,1.26,11.29,5.16,2.03,3.237,8.306,4.153
963,1,Café mundo novo ,Coffea arabica L. cv. Mundo Novo,1.12,6.44,3.53,1.76,2.433,3.795,1.897
964,1,Café mundo novo ,Coffea arabica L. cv. Mundo Novo,1.97,6.33,8.62,2.06,3.333,23.949,11.974
965,1,Café mundo novo ,Coffea arabica L. cv. Mundo Novo,2.09,5.26,6.32,1.94,2.956,12.622,6.311
966,1,Café mundo novo ,Coffea arabica L. cv. Mundo Novo,1.31,8.3,4.83,1.75,2.405,7.247,3.624
967,1,Café mundo novo ,Coffea arabica L. cv. Mundo Novo,1.13,8.95,5.38,1.96,3.017,9.054,4.527
968,1,Café mundo novo ,Coffea arabica L. cv. Mundo Novo,1.89,5.46,5.68,2.06,3.333,10.126,5.063
969,1,Café mundo novo ,Coffea arabica L. cv. Mundo Novo,2.15,10.43,6.6,2.03,3.237,13.804,6.902
970,1,Café mundo novo ,Coffea arabica L. cv. Mundo Novo,1.11,8.17,6.09,1.75,2.405,11.693,5.846
971,1,Café mundo novo ,Coffea arabica L. cv. Mundo Novo,1.82,8.67,8.52,1.87,2.746,23.379,11.689
972,1,Café mundo novo ,Coffea arabica L. cv. Mundo Novo,1.66,8.09,5.98,1.97,3.048,11.261,5.631
973,1,Café mundo novo ,Coffea arabica L. cv. Mundo Novo,1.81,7.81,8.95,1.67,2.19,25.879,12.94
974,1,Café mundo novo ,Coffea arabica L. cv. Mundo Novo,2.28,8.92,8.11,1.86,2.717,21.117,10.558
975,1,Café mundo novo ,Coffea arabica L. cv. Mundo Novo,1.66,6.09,4.25,1.87,2.746,5.566,2.783
976,1,Café mundo novo ,Coffea arabica L. cv. Mundo Novo,1.88,6.27,8.58,2.1,3.464,23.72,11.86
977,1,Café mundo novo ,Coffea arabica L. cv. Mundo Novo,1.44,11.03,3.7,2.06,3.333,4.182,2.091
978,1,Café mundo novo ,Coffea arabica L. cv. Mundo Novo,1.43,11.62,7.9,1.94,2.956,20.004,10.002
979,1,Café mundo novo ,Coffea arabica L. cv. Mundo Novo,1.62,7.61,5.28,1.74,2.378,8.71,4.355
980,1,Café mundo novo ,Coffea arabica L. cv. Mundo Novo,1.72,6.9,8.27,2.08,3.398,21.985,10.993
981,1,Café mundo novo ,Coffea arabica L. cv. Mundo Novo,1.52,9.51,8.21,1.85,2.688,21.657,10.829
982,1,Café mundo novo ,Coffea arabica L. cv. Mundo Novo,2.22,7.86,7.84,1.92,2.895,19.692,9.846
983,1,Café mundo novo ,Coffea arabica L. cv. Mundo Novo,1.88,5.18,7.74,2.04,3.269,19.177,9.588
984,1,Café mundo novo ,Coffea arabica L. cv. Mundo Novo,1.28,6.09,4.83,1.67,2.19,7.247,3.624
985,1,Café mundo novo ,Coffea arabica L. cv. Mundo Novo,2.11,10.01,3.49,1.99,3.11,3.707,1.853
986,1,Café mundo novo ,Coffea arabica L. cv. Mundo Novo,1.95,9.61,5.42,1.71,2.297,9.193,4.597
987,1,Café mundo novo ,Coffea arabica L. cv. Mundo Novo,1.53,5.19,4.04,1.77,2.461,5.013,2.507
988,1,Café mundo novo ,Coffea arabica L. cv. Mundo Novo,1.8,6.55,7.17,1.8,2.545,16.377,8.188
989,1,Café mundo novo ,Coffea arabica L. cv. Mundo Novo,1.36,6.62,5.08,2.08,3.398,8.043,4.021
990,1,Café mundo novo ,Coffea arabica L. cv. Mundo Novo,1.82,9.7,8.85,1.83,2.63,25.286,12.643
991,1,Café mundo novo ,Coffea arabica L. cv. Mundo Novo,2.29,5.14,6.85,2.07,3.365,14.904,7.452
992,1,Café mundo novo ,Coffea arabica L. cv. Mundo Novo,2.12,5.73,7.93,2.09,3.431,20.161,10.08
993,1,Café mundo novo ,Coffea arabica L. cv. Mundo Novo,1.47,10.6,3.8,1.81,2.573,4.418,2.209
994,1,Café mundo novo ,Coffea arabica L. cv. Mundo Novo,1.61,6.25,8.17,1.84,2.659,21.44,10.72
995,1,Café mundo novo ,Coffea arabica L. cv. Mundo Novo,2.19,9.57,8.54,1.99,3.11,23.492,11.746
996,1,Café mundo novo ,Coffea arabica L. cv. Mundo Novo,1.48,6.67,5.92,1.68,2.217,11.029,5.515
997,1,Café mundo novo ,Coffea arabica L. cv. Mundo Novo,2.09,5.7,6.64,1.94,2.956,13.977,6.988
998,1,Café mundo novo ,Coffea arabica L. cv. Mundo Novo,2.11,6.7,7.59,1.87,2.746,18.418,9.209
999,1,Café mundo novo ,Coffea arabica L. cv. Mundo Novo,1.55,10.06,4.05,2.05,3.301,5.039,2.519
1000,1,Café mundo novo ,Coffea arabica L. cv. Mundo Novo,1.4,10.99,6.02,1.91,2.865,11.417,5.709
1001,1,Café mundo novo ,Coffea arabica L. cv. Mundo Novo,1.88,10.81,5.39,1.98,3.079,9.089,4.544
1002,1,Café mundo novo ,Coffea arabica L. cv. Mundo Novo,2.11,7.78,3.88,1.89,2.806,4.612,2.306
1003,1,Café mundo novo ,Coffea arabica L. cv. Mundo Novo,1.72,9.68,5.21,1.83,2.63,8.473,4.237
1004,1,Café mundo novo ,Coffea arabica L. cv. Mundo Novo,1.85,6.43,3.41,1.75,2.405,3.533,1.767
1005,1,Café mundo novo ,Coffea arabica L. cv. Mundo Novo,2.28,7.05,3.15,1.86,2.717,3,1.5
1006,1,Café mundo novo ,Coffea arabica L. cv. Mundo Novo,1.59,11.27,3.81,2,3.142,4.442,2.221
1007,1,Café mundo novo ,Coffea arabica L. cv. Mundo Novo,1.62,5.09,8.78,1.95,2.986,24.875,12.437
1008,1,Café mundo novo ,Coffea arabica L. cv. Mundo Novo,1.8,5.6,6.3,1.68,2.217,12.54,6.27
1009,1,Café mundo novo ,Coffea arabica L. cv. Mundo Novo,1.62,6.46,8.79,1.96,3.017,24.933,12.467
1010,1,Café mundo novo ,Coffea arabica L. cv. Mundo Novo,2.02,5.19,5.59,1.91,2.865,9.798,4.899
1011,1,Café mundo novo ,Coffea arabica L. cv. Mundo Novo,1.73,6.27,4.87,1.78,2.488,7.372,3.686
1012,1,Café mundo novo ,Coffea arabica L. cv. Mundo Novo,1.99,9.08,6.04,2.04,3.269,11.496,5.748
1013,1,Café mundo novo ,Coffea arabica L. cv. Mundo Novo,1.26,7.95,5.64,1.92,2.895,9.98,4.99
1014,1,Café mundo novo ,Coffea arabica L. cv. Mundo Novo,2.05,11.25,3.63,2.04,3.269,4.02,2.01
1015,1,Café mundo novo ,Coffea arabica L. cv. Mundo Novo,1.63,10.72,6.84,1.7,2.27,14.859,7.43
1016,1,Café mundo novo ,Coffea arabica L. cv. Mundo Novo,2.28,7.39,4.3,1.99,3.11,5.702,2.851
1017,1,Café mundo novo ,Coffea arabica L. cv. Mundo Novo,1.31,6.82,6.72,1.94,2.956,14.326,7.163
1018,1,Café mundo novo ,Coffea arabica L. cv. Mundo Novo,1.68,7.66,6.9,1.68,2.217,15.13,7.565
1019,1,Café mundo novo ,Coffea arabica L. cv. Mundo Novo,1.42,9.13,3.91,2.08,3.398,4.686,2.343
1020,1,Café mundo novo ,Coffea arabica L. cv. Mundo Novo,2.33,6.88,3.37,2.09,3.431,3.448,1.724
1021,1,Café mundo novo ,Coffea arabica L. cv. Mundo Novo,2,9.37,7.68,2.07,3.365,18.871,9.436
1022,1,Café mundo novo ,Coffea arabica L. cv. Mundo Novo,2.09,7.87,5.76,1.98,3.079,10.423,5.211
1023,1,Café mundo novo ,Coffea arabica L. cv. Mundo Novo,1.8,8.86,3.35,1.83,2.63,3.406,1.703
1024,1,Café mundo novo ,Coffea arabica L. cv. Mundo Novo,1.32,8.05,8.97,2.1,3.464,25.998,12.999
1025,1,Café mundo novo ,Coffea arabica L. cv. Mundo Novo,2.04,7.06,3.35,1.78,2.488,3.406,1.703
1026,1,Café mundo novo ,Coffea arabica L. cv. Mundo Novo,1.89,11.64,7.17,2.05,3.301,16.377,8.188
1027,1,Café mundo novo ,Coffea arabica L. cv. Mundo Novo,2.31,10.35,8.9,1.85,2.688,25.582,12.791
1028,1,Café mundo novo ,Coffea arabica L. cv. Mundo Novo,1.65,5.98,4.44,1.96,3.017,6.092,3.046
1029,1,Café mundo novo ,Coffea arabica L. cv. Mundo Novo,1.54,11.08,3.85,1.85,2.688,4.539,2.269
1030,1,Café mundo novo ,Coffea arabica L. cv. Mundo Novo,2.22,8.41,3.73,2.07,3.365,4.252,2.126
1031,1,Café mundo novo ,Coffea arabica L. cv. Mundo Novo,1.68,11.26,4.82,1.75,2.405,7.217,3.608
1032,1,Café mundo novo ,Coffea arabica L. cv. Mundo Novo,1.74,10.6,3.61,1.74,2.378,3.974,1.987
1033,1,Café mundo novo ,Coffea arabica L. cv. Mundo Novo,1.6,7.98,7.15,1.73,2.351,16.283,8.141
1034,1,Café mundo novo ,Coffea arabica L. cv. Mundo Novo,1.58,5.16,3.37,1.77,2.461,3.448,1.724
1035,1,Café mundo novo ,Coffea arabica L. cv. Mundo Novo,2,6.88,6.06,1.86,2.717,11.574,5.787
1036,1,Café mundo novo ,Coffea arabica L. cv. Mundo Novo,1.92,8.79,8.98,1.76,2.433,26.058,13.029
1037,1,Café mundo novo ,Coffea arabica L. cv. Mundo Novo,1.41,9.43,7.88,1.89,2.806,19.9,9.95
1038,1,Café mundo novo ,Coffea arabica L. cv. Mundo Novo,1.87,6.81,6.69,1.89,2.806,14.195,7.097
1039,1,Café mundo novo ,Coffea arabica L. cv. Mundo Novo,1.47,5.98,4.84,1.98,3.079,7.278,3.639
1040,1,Café mundo novo ,Coffea arabica L. cv. Mundo Novo,1.49,10.84,6.74,1.83,2.63,14.415,7.207
1041,1,Café mundo novo ,Coffea arabica L. cv. Mundo Novo,1.93,11.89,6.16,1.87,2.746,11.972,5.986
1042,1,Café mundo novo ,Coffea arabica L. cv. Mundo Novo,1.49,8.68,5.56,1.88,2.776,9.69,4.845
1043,1,Café mundo novo ,Coffea arabica L. cv. Mundo Novo,1.36,6.2,3.78,2.06,3.333,4.37,2.185
1044,1,Café mundo novo ,Coffea arabica L. cv. Mundo Novo,1.33,6.91,8.32,1.95,2.986,22.261,11.13
1045,1,Café mundo novo ,Coffea arabica L. cv. Mundo Novo,1.58,5.13,5.7,1.77,2.461,10.2,5.1
1046,1,Café mundo novo ,Coffea arabica L. cv. Mundo Novo,1.93,11.4,4.17,1.92,2.895,5.352,2.676
1047,1,Café mundo novo ,Coffea arabica L. cv. Mundo Novo,2.11,5.82,5.21,1.87,2.746,8.473,4.237
1048,1,Café mundo novo ,Coffea arabica L. cv. Mundo Novo,1.26,9.04,5.48,1.85,2.688,9.404,4.702
1049,1,Café mundo novo ,Coffea arabica L. cv. Mundo Novo,1.7,6.92,7.97,1.84,2.659,20.371,10.186
1050,1,Café mundo novo ,Coffea arabica L. cv. Mundo Novo,1.71,8.88,7.4,2.04,3.269,17.479,8.74
1051,1,Café mundo novo ,Coffea arabica L. cv. Mundo Novo,1.2,9.56,7.62,1.75,2.405,18.568,9.284
1052,1,Café mundo novo ,Coffea arabica L. cv. Mundo Novo,1.14,10.81,3.07,1.73,2.351,2.845,1.422
1053,1,Café mundo novo ,Coffea arabica L. cv. Mundo Novo,1.86,6.44,5.5,1.69,2.243,9.475,4.738
1054,1,Café mundo novo ,Coffea arabica L. cv. Mundo Novo,2.01,5.08,5.89,1.87,2.746,10.914,5.457
1055,1,Café mundo novo ,Coffea arabica L. cv. Mundo Novo,2.3,5.96,3.12,1.72,2.324,2.941,1.471
1056,1,Café mundo novo ,Coffea arabica L. cv. Mundo Novo,2.02,11.3,4.56,1.7,2.27,6.436,3.218
1057,1,Café mundo novo ,Coffea arabica L. cv. Mundo Novo,1.5,11.12,7.56,2.08,3.398,18.268,9.134
1058,1,Café mundo novo ,Coffea arabica L. cv. Mundo Novo,1.75,9.18,3.82,1.78,2.488,4.466,2.233
1059,1,Café mundo novo ,Coffea arabica L. cv. Mundo Novo,2.08,9.2,6.21,1.9,2.835,12.173,6.087
1060,1,Café mundo novo ,Coffea arabica L. cv. Mundo Novo,2.08,9.66,4.29,2.09,3.431,5.675,2.837
1061,1,Café mundo novo ,Coffea arabica L. cv. Mundo Novo,1.51,6.23,3.07,1.96,3.017,2.845,1.422
1062,1,Café mundo novo ,Coffea arabica L. cv. Mundo Novo,1.9,11.4,4.45,1.84,2.659,6.12,3.06
1063,1,Café mundo novo ,Coffea arabica L. cv. Mundo Novo,1.96,7.93,8.86,1.76,2.433,25.345,12.672
1064,1,Café mundo novo ,Coffea arabica L. cv. Mundo Novo,2.02,7.68,7.81,1.71,2.297,19.536,9.768
1065,1,Café mundo novo ,Coffea arabica L. cv. Mundo Novo,1.19,8.63,8.76,1.92,2.895,24.758,12.379
1066,1,Café mundo novo ,Coffea arabica L. cv. Mundo Novo,1.99,5.33,5.93,1.99,3.11,11.068,5.534
1067,1,Café mundo novo ,Coffea arabica L. cv. Mundo Novo,1.93,6.16,3.66,2.01,3.173,4.089,2.044
1068,1,Café mundo novo ,Coffea arabica L. cv. Mundo Novo,2.39,10.17,6.29,1.78,2.488,12.499,6.25
1069,1,Café mundo novo ,Coffea arabica L. cv. Mundo Novo,1.68,5.58,5.73,2.06,3.333,10.311,5.156
1070,1,Café mundo novo ,Coffea arabica L. cv. Mundo Novo,1.17,9.22,8.07,1.78,2.488,20.902,10.451
1071,1,Café mundo novo ,Coffea arabica L. cv. Mundo Novo,1.6,6.72,3.59,1.73,2.351,3.929,1.965
1072,1,Café mundo novo ,Coffea arabica L. cv. Mundo Novo,1.32,7.73,5.93,1.94,2.956,11.068,5.534
1073,1,Café mundo novo ,Coffea arabica L. cv. Mundo Novo,1.24,7.02,3.9,1.69,2.243,4.661,2.331
1074,1,Café mundo novo ,Coffea arabica L. cv. Mundo Novo,1.11,7.49,4.95,2.06,3.333,7.624,3.812
1075,1,Café mundo novo ,Coffea arabica L. cv. Mundo Novo,1.73,10.03,7.42,2.09,3.431,17.577,8.788
1076,1,Café mundo novo ,Coffea arabica L. cv. Mundo Novo,1.83,7.08,5.86,1.76,2.433,10.8,5.4
1077,1,Café mundo novo ,Coffea arabica L. cv. Mundo Novo,1.86,8.96,5.26,1.92,2.895,8.642,4.321
1078,1,Café mundo novo ,Coffea arabica L. cv. Mundo Novo,1.74,8.33,5.37,1.93,2.926,9.019,4.51
1079,1,Café mundo novo ,Coffea arabica L. cv. Mundo Novo,1.18,9.65,5.76,1.76,2.433,10.423,5.211
1080,1,Café mundo novo ,Coffea arabica L. cv. Mundo Novo,1.43,11.56,7.71,1.87,2.746,19.024,9.512
1081,1,Café mundo novo ,Coffea arabica L. cv. Mundo Novo,1.35,10.13,8.35,1.98,3.079,22.426,11.213
1082,1,Café mundo novo ,Coffea arabica L. cv. Mundo Novo,2.22,6.5,8.73,2.07,3.365,24.584,12.292
1083,1,Café mundo novo ,Coffea arabica L. cv. Mundo Novo,1.43,5.22,7.72,1.99,3.11,19.075,9.537
1084,1,Café mundo novo ,Coffea arabica L. cv. Mundo Novo,1.21,6.84,4.89,1.94,2.956,7.434,3.717
1085,1,Café mundo novo ,Coffea arabica L. cv. Mundo Novo,1.95,9.17,7.13,2.03,3.237,16.189,8.094
1086,1,Café mundo novo ,Coffea arabica L. cv. Mundo Novo,2.33,5.36,5.63,2.05,3.301,9.943,4.972
1087,1,Café mundo novo ,Coffea arabica L. cv. Mundo Novo,2.18,8.47,4.53,1.98,3.079,6.349,3.175
1088,1,Café mundo novo ,Coffea arabica L. cv. Mundo Novo,2.09,9.18,8.05,2.03,3.237,20.796,10.398
1089,1,Café mundo novo ,Coffea arabica L. cv. Mundo Novo,1.38,7.34,3.23,2.09,3.431,3.159,1.58
1090,1,Café mundo novo ,Coffea arabica L. cv. Mundo Novo,1.77,10.4,8.41,1.87,2.746,22.76,11.38
1091,1,Café mundo novo ,Coffea arabica L. cv. Mundo Novo,1.32,5.75,5.77,1.87,2.746,10.46,5.23
1092,1,Café mundo novo ,Coffea arabica L. cv. Mundo Novo,2.34,5.53,6.82,1.76,2.433,14.77,7.385
1093,1,Café mundo novo ,Coffea arabica L. cv. Mundo Novo,1.42,10.1,6.96,1.8,2.545,15.402,7.701
1094,1,Café mundo novo ,Coffea arabica L. cv. Mundo Novo,2.15,8.47,8.37,1.81,2.573,22.537,11.269
1095,1,Café mundo novo ,Coffea arabica L. cv. Mundo Novo,1.94,9.82,6.82,1.97,3.048,14.77,7.385
1096,1,Café mundo novo ,Coffea arabica L. cv. Mundo Novo,2.21,8.04,6.68,2.02,3.205,14.151,7.075
1097,1,Café mundo novo ,Coffea arabica L. cv. Mundo Novo,2.12,6.72,3.4,1.76,2.433,3.512,1.756
1098,1,Café mundo novo ,Coffea arabica L. cv. Mundo Novo,1.57,10.73,6.11,1.96,3.017,11.772,5.886
1099,1,Café mundo novo ,Coffea arabica L. cv. Mundo Novo,1.11,10.6,3.9,1.88,2.776,4.661,2.331
1100,1,Café mundo novo ,Coffea arabica L. cv. Mundo Novo,1.59,9.86,7.42,1.99,3.11,17.577,8.788
1101,1,Café mundo novo ,Coffea arabica L. cv. Mundo Novo,1.36,6.91,6.07,1.8,2.545,11.614,5.807
1102,1,Café mundo novo ,Coffea arabica L. cv. Mundo Novo,1.58,9.13,7.08,1.72,2.324,15.955,7.978
1103,1,Café mundo novo ,Coffea arabica L. cv. Mundo Novo,1.31,7.53,3.25,1.81,2.573,3.2,1.6
1104,1,Café mundo novo ,Coffea arabica L. cv. Mundo Novo,2.16,5.64,3.51,1.87,2.746,3.751,1.875
1105,1,Café mundo novo ,Coffea arabica L. cv. Mundo Novo,1.37,11.42,7.3,1.92,2.895,16.995,8.498
1106,1,Café mundo novo ,Coffea arabica L. cv. Mundo Novo,1.54,5.96,3.43,1.85,2.688,3.576,1.788
1107,1,Café mundo novo ,Coffea arabica L. cv. Mundo Novo,1.63,11.65,8,2.08,3.398,20.53,10.265
1108,1,Café mundo novo ,Coffea arabica L. cv. Mundo Novo,1.57,8.12,3.07,2.02,3.205,2.845,1.422
1109,1,Café mundo novo ,Coffea arabica L. cv. Mundo Novo,1.28,6.3,8.74,1.82,2.602,24.642,12.321
1110,1,Café mundo novo ,Coffea arabica L. cv. Mundo Novo,2.23,8.79,7.43,2.02,3.205,17.626,8.813
1111,1,Café mundo novo ,Coffea arabica L. cv. Mundo Novo,1.99,11.11,5.12,1.88,2.776,8.174,4.087
1112,1,Café mundo novo ,Coffea arabica L. cv. Mundo Novo,1.34,10.13,4.78,1.99,3.11,7.093,3.547
1113,1,Café mundo novo ,Coffea arabica L. cv. Mundo Novo,1.54,10.65,5.1,1.75,2.405,8.108,4.054
1114,1,Café mundo novo ,Coffea arabica L. cv. Mundo Novo,1.74,9.61,7.65,1.79,2.517,18.72,9.36
1115,1,Café mundo novo ,Coffea arabica L. cv. Mundo Novo,2.2,9.85,6.97,1.88,2.776,15.448,7.724
1116,1,Café mundo novo ,Coffea arabica L. cv. Mundo Novo,1.86,10.94,4.11,1.74,2.378,5.194,2.597
1117,1,Café mundo novo ,Coffea arabica L. cv. Mundo Novo,2.16,6.75,4.04,1.93,2.926,5.013,2.507
1118,1,Café mundo novo ,Coffea arabica L. cv. Mundo Novo,1.6,8.43,3.59,1.94,2.956,3.929,1.965
1119,1,Café mundo novo ,Coffea arabica L. cv. Mundo Novo,2.15,6.55,6.96,1.84,2.659,15.402,7.701
1120,1,Café mundo novo ,Coffea arabica L. cv. Mundo Novo,1.61,11.91,7.59,2,3.142,18.418,9.209
1121,1,Café mundo novo ,Coffea arabica L. cv. Mundo Novo,1.22,11.61,4.59,1.87,2.746,6.524,3.262
1122,1,Café mundo novo ,Coffea arabica L. cv. Mundo Novo,1.72,5.28,3.13,1.69,2.243,2.961,1.48
1123,1,Café mundo novo ,Coffea arabica L. cv. Mundo Novo,1.23,9.94,3.49,1.93,2.926,3.707,1.853
1124,1,Café mundo novo ,Coffea arabica L. cv. Mundo Novo,1.19,11.48,8.81,1.97,3.048,25.051,12.525
1125,1,Café mundo novo ,Coffea arabica L. cv. Mundo Novo,2.01,6.26,4.77,2.07,3.365,7.063,3.531
1126,1,Café mundo novo ,Coffea arabica L. cv. Mundo Novo,1.4,8.98,7.62,1.83,2.63,18.568,9.284
1127,1,Café mundo novo ,Coffea arabica L. cv. Mundo Novo,1.86,11.41,6.75,1.98,3.079,14.459,7.229
1128,1,Café mundo novo ,Coffea arabica L. cv. Mundo Novo,1.57,5.24,5.29,1.9,2.835,8.744,4.372
1129,1,Café mundo novo ,Coffea arabica L. cv. Mundo Novo,2.31,9.88,4.23,1.81,2.573,5.512,2.756
1130,1,Café mundo novo ,Coffea arabica L. cv. Mundo Novo,1.58,7.08,3.73,1.69,2.243,4.252,2.126
1131,1,Café mundo novo ,Coffea arabica L. cv. Mundo Novo,1.68,11.47,6.69,1.86,2.717,14.195,7.097
1132,1,Café mundo novo ,Coffea arabica L. cv. Mundo Novo,1.48,11.8,7.65,2.05,3.301,18.72,9.36
1133,1,Café mundo novo ,Coffea arabica L. cv. Mundo Novo,2.34,11.61,6.86,1.88,2.776,14.949,7.475
1134,1,Café mundo novo ,Coffea arabica L. cv. Mundo Novo,1.89,8.32,6.18,1.95,2.986,12.052,6.026
1135,1,Café mundo novo ,Coffea arabica L. cv. Mundo Novo,1.73,11.03,3.25,2.06,3.333,3.2,1.6
1136,1,Café mundo novo ,Coffea arabica L. cv. Mundo Novo,2.05,10.91,8.81,1.89,2.806,25.051,12.525
1137,1,Café mundo novo ,Coffea arabica L. cv. Mundo Novo,1.9,7.23,7.79,1.7,2.27,19.433,9.717
1138,1,Café mundo novo ,Coffea arabica L. cv. Mundo Novo,1.24,10.8,4.76,1.84,2.659,7.032,3.516
1139,1,Café mundo novo ,Coffea arabica L. cv. Mundo Novo,1.92,5.26,8.88,1.77,2.461,25.463,12.732
1140,1,Café mundo novo ,Coffea arabica L. cv. Mundo Novo,1.41,9.17,6.61,1.76,2.433,13.847,6.923
1141,1,Café mundo novo ,Coffea arabica L. cv. Mundo Novo,1.18,6.61,6.49,1.87,2.746,13.333,6.666
1142,1,Café mundo novo ,Coffea arabica L. cv. Mundo Novo,2.09,5.84,7.49,1.84,2.659,17.921,8.96
1143,1,Café mundo novo ,Coffea arabica L. cv. Mundo Novo,1.49,5.54,7.87,1.85,2.688,19.847,9.924
1144,1,Café mundo novo ,Coffea arabica L. cv. Mundo Novo,2.01,9.87,6.94,2,3.142,15.311,7.656
1145,1,Café mundo novo ,Coffea arabica L. cv. Mundo Novo,2.32,7.38,3.77,2.07,3.365,4.347,2.173
1146,1,Café mundo novo ,Coffea arabica L. cv. Mundo Novo,1.71,10.07,5.03,1.81,2.573,7.88,3.94
1147,1,Café mundo novo ,Coffea arabica L. cv. Mundo Novo,1.54,5.46,8.57,1.88,2.776,23.663,11.831
1148,1,Café mundo novo ,Coffea arabica L. cv. Mundo Novo,2.07,7.21,4.35,1.9,2.835,5.84,2.92
1149,1,Café mundo novo ,Coffea arabica L. cv. Mundo Novo,2.13,8.78,5.23,2.08,3.398,8.541,4.27
1150,1,Café mundo novo ,Coffea arabica L. cv. Mundo Novo,1.34,10.54,5.59,1.83,2.63,9.798,4.899
1151,1,Café mundo novo ,Coffea arabica L. cv. Mundo Novo,1.38,7.23,5.64,1.98,3.079,9.98,4.99
1152,1,Café mundo novo ,Coffea arabica L. cv. Mundo Novo,2.2,9.38,6.68,1.87,2.746,14.151,7.075
1153,1,Café mundo novo ,Coffea arabica L. cv. Mundo Novo,1.73,11.2,8.66,2.07,3.365,24.178,12.089
1154,1,Café mundo novo ,Coffea arabica L. cv. Mundo Novo,1.91,9.31,4.44,1.69,2.243,6.092,3.046
1155,1,Café mundo novo ,Coffea arabica L. cv. Mundo Novo,1.42,6.63,3.73,2.05,3.301,4.252,2.126
1156,1,Café mundo novo ,Coffea arabica L. cv. Mundo Novo,1.9,5.17,4.18,1.76,2.433,5.378,2.689
1157,1,Café mundo novo ,Coffea arabica L. cv. Mundo Novo,1.6,11.09,8.32,2.08,3.398,22.261,11.13
1158,1,Café mundo novo ,Coffea arabica L. cv. Mundo Novo,1.78,5.15,6.87,1.93,2.926,14.994,7.497
1159,1,Café mundo novo ,Coffea arabica L. cv. Mundo Novo,1.36,11.12,4.72,2.05,3.301,6.911,3.455
1160,1,Café mundo novo ,Coffea arabica L. cv. Mundo Novo,2.04,8.7,7.9,1.71,2.297,20.004,10.002
1161,1,Café mundo novo ,Coffea arabica L. cv. Mundo Novo,2.33,11.57,8.17,1.9,2.835,21.44,10.72
1162,1,Café mundo novo ,Coffea arabica L. cv. Mundo Novo,1.62,10.59,8.08,2.08,3.398,20.956,10.478
1163,1,Café mundo novo ,Coffea arabica L. cv. Mundo Novo,1.88,11.99,8.51,1.93,2.926,23.322,11.661
1164,1,Café mundo novo ,Coffea arabica L. cv. Mundo Novo,1.82,7.45,4.51,1.75,2.405,6.291,3.146
1165,1,Café mundo novo ,Coffea arabica L. cv. Mundo Novo,1.91,10.37,7.53,1.93,2.926,18.119,9.059
1166,1,Café mundo novo ,Coffea arabica L. cv. Mundo Novo,1.58,7.81,5.76,2.09,3.431,10.423,5.211
1167,1,Café mundo novo ,Coffea arabica L. cv. Mundo Novo,1.67,8.36,8.05,1.94,2.956,20.796,10.398
1168,1,Café mundo novo ,Coffea arabica L. cv. Mundo Novo,2.14,9.39,7.37,2,3.142,17.333,8.667
1169,1,Café mundo novo ,Coffea arabica L. cv. Mundo Novo,1.95,11.12,7.66,1.77,2.461,18.77,9.385
1170,1,Café mundo novo ,Coffea arabica L. cv. Mundo Novo,2.01,11.89,6.94,1.7,2.27,15.311,7.656
1171,1,Café mundo novo ,Coffea arabica L. cv. Mundo Novo,1.67,10.38,4.06,1.71,2.297,5.065,2.532
1172,1,Café mundo novo ,Coffea arabica L. cv. Mundo Novo,1.95,7.92,6.27,2.06,3.333,12.417,6.209
1173,1,Café mundo novo ,Coffea arabica L. cv. Mundo Novo,1.92,7.95,8.91,1.71,2.297,25.641,12.82
1174,1,Café mundo novo ,Coffea arabica L. cv. Mundo Novo,1.16,10.16,8.62,1.84,2.659,23.949,11.974
1175,1,Café mundo novo ,Coffea arabica L. cv. Mundo Novo,1.43,6.67,3.26,1.89,2.806,3.22,1.61
1176,1,Café mundo novo ,Coffea arabica L. cv. Mundo Novo,1.91,5.77,3.99,1.96,3.017,4.886,2.443
1177,1,Café mundo novo ,Coffea arabica L. cv. Mundo Novo,1.82,7.48,3.79,2.01,3.173,4.394,2.197
1178,1,Café mundo novo ,Coffea arabica L. cv. Mundo Novo,1.41,7.01,7.36,1.92,2.895,17.285,8.642
1179,1,Café mundo novo ,Coffea arabica L. cv. Mundo Novo,1.79,7.07,7.91,1.85,2.688,20.056,10.028
1180,1,Café mundo novo ,Coffea arabica L. cv. Mundo Novo,1.17,6.64,4.28,1.73,2.351,5.647,2.824
1181,1,Café mundo novo ,Coffea arabica L. cv. Mundo Novo,2.1,5.29,6.04,1.88,2.776,11.496,5.748
1182,1,Café mundo novo ,Coffea arabica L. cv. Mundo Novo,1.92,5.13,8.04,1.88,2.776,20.742,10.371
1183,1,Café mundo novo ,Coffea arabica L. cv. Mundo Novo,1.15,11.91,7.4,1.88,2.776,17.479,8.74
1184,1,Café mundo novo ,Coffea arabica L. cv. Mundo Novo,1.21,7.99,6.25,2.04,3.269,12.336,6.168
1185,1,Café mundo novo ,Coffea arabica L. cv. Mundo Novo,1.54,7.69,6.54,2.02,3.205,13.546,6.773
1186,1,Café mundo novo ,Coffea arabica L. cv. Mundo Novo,1.95,9.76,6.05,1.93,2.926,11.535,5.767
1187,1,Café mundo novo ,Coffea arabica L. cv. Mundo Novo,2.35,6.53,4.79,1.86,2.717,7.124,3.562
1188,1,Café mundo novo ,Coffea arabica L. cv. Mundo Novo,1.21,11.65,6.39,2.02,3.205,12.913,6.456
1189,1,Café mundo novo ,Coffea arabica L. cv. Mundo Novo,2.02,10.5,7.13,2.03,3.237,16.189,8.094
1190,1,Café mundo novo ,Coffea arabica L. cv. Mundo Novo,2.08,5.63,8.24,1.92,2.895,21.821,10.911
1191,1,Café mundo novo ,Coffea arabica L. cv. Mundo Novo,1.36,7.92,6.82,1.78,2.488,14.77,7.385
1192,1,Café mundo novo ,Coffea arabica L. cv. Mundo Novo,1.73,11.15,7.57,1.96,3.017,18.318,9.159
1193,1,Café mundo novo ,Coffea arabica L. cv. Mundo Novo,1.72,11.61,3.96,1.86,2.717,4.811,2.405
1194,1,Café mundo novo ,Coffea arabica L. cv. Mundo Novo,1.25,8.27,5.77,1.82,2.602,10.46,5.23
1195,1,Café mundo novo ,Coffea arabica L. cv. Mundo Novo,2.32,9.29,3.06,1.8,2.545,2.826,1.413
1196,1,Café mundo novo ,Coffea arabica L. cv. Mundo Novo,1.12,6.17,4.48,1.84,2.659,6.205,3.103
1197,1,Café mundo novo ,Coffea arabica L. cv. Mundo Novo,2.27,11.94,7.36,2,3.142,17.285,8.642
1198,1,Café mundo novo ,Coffea arabica L. cv. Mundo Novo,1.32,6.62,8.95,1.8,2.545,25.879,12.94
1199,1,Café mundo novo ,Coffea arabica L. cv. Mundo Novo,1.52,11.6,3.6,2.04,3.269,3.952,1.976
1200,1,Café mundo novo ,Coffea arabica L. cv. Mundo Novo,1.54,9.55,5.41,1.8,2.545,9.158,4.579
1201,1,Café mundo novo ,Coffea arabica L. cv. Mundo Novo,1.96,9.25,7.8,2.04,3.269,19.485,9.742
1202,1,Café mundo novo ,Coffea arabica L. cv. Mundo Novo,1.57,8.59,4.22,1.96,3.017,5.485,2.743
1203,1,Café mundo novo ,Coffea arabica L. cv. Mundo Novo,1.42,6.61,6.33,1.89,2.806,12.664,6.332
1204,1,Café mundo novo ,Coffea arabica L. cv. Mundo Novo,1.33,6.24,7.4,1.72,2.324,17.479,8.74
1205,1,Café mundo novo ,Coffea arabica L. cv. Mundo Novo,1.68,6.54,6.7,1.9,2.835,14.239,7.119
1206,1,Café mundo novo ,Coffea arabica L. cv. Mundo Novo,1.84,6.31,4.13,2.02,3.205,5.247,2.623
1207,1,Café mundo novo ,Coffea arabica L. cv. Mundo Novo,2.17,10.46,5.13,1.86,2.717,8.207,4.104
1208,1,Café mundo novo ,Coffea arabica L. cv. Mundo Novo,2.05,7.45,7.7,1.75,2.405,18.973,9.486
1209,1,Café mundo novo ,Coffea arabica L. cv. Mundo Novo,1.62,5.4,6.33,2.06,3.333,12.664,6.332
1210,1,Café mundo novo ,Coffea arabica L. cv. Mundo Novo,2.16,11.78,8,1.71,2.297,20.53,10.265
1211,1,Café mundo novo ,Coffea arabica L. cv. Mundo Novo,1.53,11.19,7.57,1.83,2.63,18.318,9.159
1212,1,Café mundo novo ,Coffea arabica L. cv. Mundo Novo,2.07,11.49,3.21,2.05,3.301,3.119,1.56
1213,1,Café mundo novo ,Coffea arabica L. cv. Mundo Novo,1.67,11.96,7.47,1.99,3.11,17.822,8.911
1214,1,Café mundo novo ,Coffea arabica L. cv. Mundo Novo,2.18,6.22,4.21,1.75,2.405,5.458,2.729
1215,1,Café mundo novo ,Coffea arabica L. cv. Mundo Novo,2.08,7.77,8.75,1.7,2.27,24.7,12.35
1216,1,Café mundo novo ,Coffea arabica L. cv. Mundo Novo,1.43,10.31,5.21,1.94,2.956,8.473,4.237
1217,1,Café mundo novo ,Coffea arabica L. cv. Mundo Novo,2.19,9.87,4.96,1.85,2.688,7.656,3.828
1218,1,Café mundo novo ,Coffea arabica L. cv. Mundo Novo,1.26,6.08,3.89,1.99,3.11,4.637,2.318
1219,1,Café mundo novo ,Coffea arabica L. cv. Mundo Novo,1.18,10.71,4.83,2.04,3.269,7.247,3.624
1220,1,Café mundo novo ,Coffea arabica L. cv. Mundo Novo,2.14,6.57,8.26,1.87,2.746,21.931,10.965
1221,1,Café mundo novo ,Coffea arabica L. cv. Mundo Novo,1.75,6.57,8.98,1.93,2.926,26.058,13.029
1222,1,Café mundo novo ,Coffea arabica L. cv. Mundo Novo,2.27,8.76,5.21,2.06,3.333,8.473,4.237
1223,1,Café mundo novo ,Coffea arabica L. cv. Mundo Novo,1.3,9.15,5.69,2.01,3.173,10.163,5.082
1224,1,Café mundo novo ,Coffea arabica L. cv. Mundo Novo,1.94,9.06,7.33,1.68,2.217,17.14,8.57
1225,1,Café mundo novo ,Coffea arabica L. cv. Mundo Novo,1.53,5.64,8.32,1.87,2.746,22.261,11.13
1226,1,Café mundo novo ,Coffea arabica L. cv. Mundo Novo,1.65,11.14,6.56,1.74,2.378,13.631,6.816
1227,1,Café mundo novo ,Coffea arabica L. cv. Mundo Novo,1.12,6.86,5.35,2.05,3.301,8.95,4.475
1228,1,Café mundo novo ,Coffea arabica L. cv. Mundo Novo,1.64,5.91,5.48,2.07,3.365,9.404,4.702
1229,1,Café mundo novo ,Coffea arabica L. cv. Mundo Novo,2.35,11.22,7.17,1.9,2.835,16.377,8.188
1230,1,Café mundo novo ,Coffea arabica L. cv. Mundo Novo,1.96,11.69,3.02,1.78,2.488,2.75,1.375
1231,1,Café mundo novo ,Coffea arabica L. cv. Mundo Novo,1.44,11.03,6.72,1.71,2.297,14.326,7.163
1232,1,Café mundo novo ,Coffea arabica L. cv. Mundo Novo,1.87,10.67,5.13,2.02,3.205,8.207,4.104
1233,1,Café mundo novo ,Coffea arabica L. cv. Mundo Novo,2.22,9.59,7.77,2.06,3.333,19.331,9.665
1234,1,Café mundo novo ,Coffea arabica L. cv. Mundo Novo,1.94,8.86,3.56,1.94,2.956,3.862,1.931
1235,1,Café mundo novo ,Coffea arabica L. cv. Mundo Novo,1.93,5.61,6.53,1.69,2.243,13.503,6.752
1236,1,Café mundo novo ,Coffea arabica L. cv. Mundo Novo,1.44,7.86,5.89,2.04,3.269,10.914,5.457
1237,1,Café mundo novo ,Coffea arabica L. cv. Mundo Novo,1.55,7.61,6.85,1.91,2.865,14.904,7.452
1238,1,Café mundo novo ,Coffea arabica L. cv. Mundo Novo,1.24,6.82,3.39,1.8,2.545,3.491,1.745
1239,1,Café mundo novo ,Coffea arabica L. cv. Mundo Novo,1.28,10.06,6.48,1.89,2.806,13.291,6.645
1240,1,Café mundo novo ,Coffea arabica L. cv. Mundo Novo,1.8,8.47,6.37,1.8,2.545,12.829,6.415
1241,1,Café mundo novo ,Coffea arabica L. cv. Mundo Novo,1.96,5.57,6.36,1.69,2.243,12.788,6.394
1242,1,Café mundo novo ,Coffea arabica L. cv. Mundo Novo,1.16,6.54,6.62,1.84,2.659,13.89,6.945
1243,1,Café mundo novo ,Coffea arabica L. cv. Mundo Novo,1.76,9.78,7.06,1.75,2.405,15.862,7.931
1244,1,Café mundo novo ,Coffea arabica L. cv. Mundo Novo,1.34,5.53,7.83,1.77,2.461,19.64,9.82
1245,1,Café mundo novo ,Coffea arabica L. cv. Mundo Novo,1.67,10.96,4.62,2.08,3.398,6.612,3.306
1246,1,Café mundo novo ,Coffea arabica L. cv. Mundo Novo,1.23,8.47,7.95,1.9,2.835,20.266,10.133
1247,1,Café mundo novo ,Coffea arabica L. cv. Mundo Novo,1.73,8.36,5.99,1.75,2.405,11.3,5.65
1248,1,Café mundo novo ,Coffea arabica L. cv. Mundo Novo,1.99,9.15,3.46,1.81,2.573,3.641,1.821
1249,1,Café mundo novo ,Coffea arabica L. cv. Mundo Novo,1.21,10.77,3.35,1.68,2.217,3.406,1.703
1250,1,Café mundo novo ,Coffea arabica L. cv. Mundo Novo,2.03,7.43,5.01,1.88,2.776,7.816,3.908
1251,1,Café mundo novo ,Coffea arabica L. cv. Mundo Novo,1.41,9.75,7.71,1.84,2.659,19.024,9.512
1252,1,Café mundo novo ,Coffea arabica L. cv. Mundo Novo,2.35,8.96,7.25,2.01,3.173,16.756,8.378
1253,1,Café mundo novo ,Coffea arabica L. cv. Mundo Novo,1.36,6.87,7.73,1.86,2.717,19.126,9.563
1254,1,Café mundo novo ,Coffea arabica L. cv. Mundo Novo,1.66,11.15,6.1,1.75,2.405,11.732,5.866
1255,1,Café mundo novo ,Coffea arabica L. cv. Mundo Novo,1.71,10.58,5.64,1.75,2.405,9.98,4.99
1256,1,Café mundo novo ,Coffea arabica L. cv. Mundo Novo,1.84,9.61,3.88,1.73,2.351,4.612,2.306
1257,1,Café mundo novo ,Coffea arabica L. cv. Mundo Novo,1.23,10.95,4.97,1.74,2.378,7.688,3.844
1258,1,Café mundo novo ,Coffea arabica L. cv. Mundo Novo,2.24,11.07,5.6,1.69,2.243,9.834,4.917
1259,1,Café mundo novo ,Coffea arabica L. cv. Mundo Novo,1.69,9.96,3.53,2.09,3.431,3.795,1.897
1260,1,Café mundo novo ,Coffea arabica L. cv. Mundo Novo,1.41,10.86,4.32,1.81,2.573,5.757,2.878
1261,1,Café mundo novo ,Coffea arabica L. cv. Mundo Novo,2.17,9.88,6.59,1.87,2.746,13.76,6.88
1262,1,Café mundo novo ,Coffea arabica L. cv. Mundo Novo,2.03,9.76,7.41,1.74,2.378,17.528,8.764
1263,1,Café mundo novo ,Coffea arabica L. cv. Mundo Novo,2.32,9.33,8.99,2.09,3.431,26.118,13.059
1264,1,Café mundo novo ,Coffea arabica L. cv. Mundo Novo,2.29,10.27,8.6,1.93,2.926,23.834,11.917
1265,1,Café mundo novo ,Coffea arabica L. cv. Mundo Novo,1.5,6.11,6.86,1.95,2.986,14.949,7.475
1266,1,Café mundo novo ,Coffea arabica L. cv. Mundo Novo,1.63,11.17,5.53,2.05,3.301,9.582,4.791
1267,1,Café mundo novo ,Coffea arabica L. cv. Mundo Novo,1.57,11.1,6.82,1.67,2.19,14.77,7.385
1268,1,Café mundo novo ,Coffea arabica L. cv. Mundo Novo,2.19,5.2,7.71,2.05,3.301,19.024,9.512
1269,1,Café mundo novo ,Coffea arabica L. cv. Mundo Novo,1.4,10.78,3.71,2.06,3.333,4.205,2.102
1270,1,Café mundo novo ,Coffea arabica L. cv. Mundo Novo,1.16,5.9,5.46,1.84,2.659,9.334,4.667
1271,1,Café mundo novo ,Coffea arabica L. cv. Mundo Novo,1.4,7.35,8.04,1.92,2.895,20.742,10.371
1272,1,Café mundo novo ,Coffea arabica L. cv. Mundo Novo,2.34,10.2,5.3,1.7,2.27,8.778,4.389
1273,1,Café mundo novo ,Coffea arabica L. cv. Mundo Novo,1.59,6.13,6.43,1.73,2.351,13.08,6.54
1274,1,Café mundo novo ,Coffea arabica L. cv. Mundo Novo,2.1,10.73,6.53,1.79,2.517,13.503,6.752
1275,1,Café mundo novo ,Coffea arabica L. cv. Mundo Novo,1.93,10.82,4.11,1.96,3.017,5.194,2.597
1276,1,Café mundo novo ,Coffea arabica L. cv. Mundo Novo,2.39,8.55,5.17,2,3.142,8.34,4.17
1277,1,Café mundo novo ,Coffea arabica L. cv. Mundo Novo,1.15,5.04,5.01,1.88,2.776,7.816,3.908
1278,1,Café mundo novo ,Coffea arabica L. cv. Mundo Novo,1.38,7.01,3.16,1.95,2.986,3.02,1.51
1279,1,Café mundo novo ,Coffea arabica L. cv. Mundo Novo,1.43,9.32,3.15,2.07,3.365,3,1.5
1280,1,Café mundo novo ,Coffea arabica L. cv. Mundo Novo,2.29,11.87,7.99,2.03,3.237,20.477,10.238
1281,1,Café mundo novo ,Coffea arabica L. cv. Mundo Novo,1.86,9.42,4.64,1.74,2.378,6.671,3.336
1282,1,Café mundo novo ,Coffea arabica L. cv. Mundo Novo,1.89,6.82,6.11,1.85,2.688,11.772,5.886
1283,1,Café mundo novo ,Coffea arabica L. cv. Mundo Novo,1.93,9.44,4.79,1.76,2.433,7.124,3.562
1284,1,Café mundo novo ,Coffea arabica L. cv. Mundo Novo,2.26,8.78,8.64,1.73,2.351,24.063,12.032
1285,1,Café mundo novo ,Coffea arabica L. cv. Mundo Novo,1.82,10.46,4.56,1.71,2.297,6.436,3.218
1286,1,Café mundo novo ,Coffea arabica L. cv. Mundo Novo,2.31,5.75,5.58,1.89,2.806,9.762,4.881
1287,1,Café mundo novo ,Coffea arabica L. cv. Mundo Novo,2.03,10.33,8.24,2.02,3.205,21.821,10.911
1288,1,Café mundo novo ,Coffea arabica L. cv. Mundo Novo,2.1,8.79,8.05,1.8,2.545,20.796,10.398
1289,1,Café mundo novo ,Coffea arabica L. cv. Mundo Novo,2.16,11.74,4.12,2,3.142,5.22,2.61
1290,1,Café mundo novo ,Coffea arabica L. cv. Mundo Novo,2.17,7.39,7.82,1.99,3.11,19.588,9.794
1291,1,Café mundo novo ,Coffea arabica L. cv. Mundo Novo,1.26,9.43,5.75,1.76,2.433,10.386,5.193
1292,1,Café mundo novo ,Coffea arabica L. cv. Mundo Novo,2.3,11.52,5.9,1.98,3.079,10.953,5.476
1293,1,Café mundo novo ,Coffea arabica L. cv. Mundo Novo,1.72,5.72,3.8,1.99,3.11,4.418,2.209
1294,1,Café mundo novo ,Coffea arabica L. cv. Mundo Novo,1.9,11.56,3.48,1.8,2.545,3.685,1.842
1295,1,Café mundo novo ,Coffea arabica L. cv. Mundo Novo,2.04,9.82,7.37,1.9,2.835,17.333,8.667
1296,1,Café mundo novo ,Coffea arabica L. cv. Mundo Novo,2.3,5.47,5.98,1.89,2.806,11.261,5.631
1297,1,Café mundo novo ,Coffea arabica L. cv. Mundo Novo,2.29,7.11,5.62,1.93,2.926,9.907,4.953
1298,1,Café mundo novo ,Coffea arabica L. cv. Mundo Novo,2.07,9.96,7.38,2.1,3.464,17.382,8.691
1299,1,Café mundo novo ,Coffea arabica L. cv. Mundo Novo,1.93,5.47,7.59,1.86,2.717,18.418,9.209
1300,1,Café mundo novo ,Coffea arabica L. cv. Mundo Novo,1.45,9.08,3.95,1.69,2.243,4.786,2.393
1301,1,Café mundo novo ,Coffea arabica L. cv. Mundo Novo,1.48,7.42,6.66,1.93,2.926,14.064,7.032
1302,1,Café mundo novo ,Coffea arabica L. cv. Mundo Novo,1.93,9.35,3.81,2,3.142,4.442,2.221
1303,1,Café mundo novo ,Coffea arabica L. cv. Mundo Novo,2.12,5.32,7.51,2.09,3.431,18.02,9.01
1304,1,Café mundo novo ,Coffea arabica L. cv. Mundo Novo,1.12,11.1,6.94,1.75,2.405,15.311,7.656
1305,1,Café mundo novo ,Coffea arabica L. cv. Mundo Novo,1.74,11.81,8.74,1.67,2.19,24.642,12.321
1306,1,Café mundo novo ,Coffea arabica L. cv. Mundo Novo,1.79,11.78,8,1.82,2.602,20.53,10.265
1307,1,Café mundo novo ,Coffea arabica L. cv. Mundo Novo,1.76,10.25,3.34,2.02,3.205,3.385,1.693
1308,1,Café mundo novo ,Coffea arabica L. cv. Mundo Novo,1.77,5.91,4.69,2.06,3.333,6.821,3.41
1309,1,Café mundo novo ,Coffea arabica L. cv. Mundo Novo,1.35,10.31,4.57,1.82,2.602,6.465,3.233
1310,1,Café mundo novo ,Coffea arabica L. cv. Mundo Novo,2.06,5.17,4.48,2.06,3.333,6.205,3.103
1311,1,Café mundo novo ,Coffea arabica L. cv. Mundo Novo,1.56,5.15,8.44,2.06,3.333,22.928,11.464
1312,1,Café mundo novo ,Coffea arabica L. cv. Mundo Novo,1.94,7.27,4.5,1.94,2.956,6.263,3.131
1313,1,Café mundo novo ,Coffea arabica L. cv. Mundo Novo,1.41,8.42,4.63,1.82,2.602,6.642,3.321
1314,1,Café mundo novo ,Coffea arabica L. cv. Mundo Novo,1.59,10.39,7.56,1.91,2.865,18.268,9.134
1315,1,Café mundo novo ,Coffea arabica L. cv. Mundo Novo,2.09,9.78,5.7,1.95,2.986,10.2,5.1
1316,1,Café mundo novo ,Coffea arabica L. cv. Mundo Novo,2.06,8.12,7.66,2.03,3.237,18.77,9.385
1317,1,Café mundo novo ,Coffea arabica L. cv. Mundo Novo,1.11,6.92,3.39,1.77,2.461,3.491,1.745
1318,1,Café mundo novo ,Coffea arabica L. cv. Mundo Novo,2.02,11.98,5.93,1.84,2.659,11.068,5.534
1319,1,Café mundo novo ,Coffea arabica L. cv. Mundo Novo,1.52,7.98,3.2,1.75,2.405,3.099,1.55
1320,1,Café mundo novo ,Coffea arabica L. cv. Mundo Novo,1.59,8.16,3.38,2,3.142,3.47,1.735
1321,1,Café mundo novo ,Coffea arabica L. cv. Mundo Novo,1.24,6.15,8.44,1.87,2.746,22.928,11.464
1322,1,Café mundo novo ,Coffea arabica L. cv. Mundo Novo,1.84,10.56,3.84,1.95,2.986,4.515,2.257
1323,1,Café mundo novo ,Coffea arabica L. cv. Mundo Novo,1.79,9.86,6.19,1.71,2.297,12.092,6.046
1324,1,Café mundo novo ,Coffea arabica L. cv. Mundo Novo,2.08,6.55,5.47,1.68,2.217,9.369,4.685
1325,1,Café mundo novo ,Coffea arabica L. cv. Mundo Novo,1.9,5.58,5.08,1.68,2.217,8.043,4.021
1326,1,Café mundo novo ,Coffea arabica L. cv. Mundo Novo,1.6,9.76,8.4,2.1,3.464,22.704,11.352
1327,1,Café mundo novo ,Coffea arabica L. cv. Mundo Novo,2.39,9.58,3.13,1.82,2.602,2.961,1.48
1328,1,Café mundo novo ,Coffea arabica L. cv. Mundo Novo,2.18,6.91,6.98,1.93,2.926,15.494,7.747
1329,1,Café mundo novo ,Coffea arabica L. cv. Mundo Novo,2.36,11.66,8.78,1.71,2.297,24.875,12.437
1330,1,Café mundo novo ,Coffea arabica L. cv. Mundo Novo,1.42,6.06,6.36,1.87,2.746,12.788,6.394
1331,1,Café mundo novo ,Coffea arabica L. cv. Mundo Novo,2.23,8.03,8.62,1.89,2.806,23.949,11.974
1332,1,Café mundo novo ,Coffea arabica L. cv. Mundo Novo,1.12,11.61,3.31,2.07,3.365,3.323,1.661
1333,1,Café mundo novo ,Coffea arabica L. cv. Mundo Novo,1.28,7.94,5.51,1.81,2.573,9.511,4.756
1334,1,Café mundo novo ,Coffea arabica L. cv. Mundo Novo,1.4,9.47,4.56,2.07,3.365,6.436,3.218
1335,1,Café mundo novo ,Coffea arabica L. cv. Mundo Novo,1.75,7.78,7.38,1.75,2.405,17.382,8.691
1336,1,Café mundo novo ,Coffea arabica L. cv. Mundo Novo,1.3,6.92,8.89,1.94,2.956,25.522,12.761
1337,1,Café mundo novo ,Coffea arabica L. cv. Mundo Novo,1.48,11.89,4.54,1.85,2.688,6.378,3.189
1338,1,Café mundo novo ,Coffea arabica L. cv. Mundo Novo,2.36,7.87,6.93,1.86,2.717,15.266,7.633
1339,1,Café mundo novo ,Coffea arabica L. cv. Mundo Novo,1.84,11.26,4.19,2.04,3.269,5.405,2.703
1340,1,Café mundo novo ,Coffea arabica L. cv. Mundo Novo,1.71,6.61,6.39,1.81,2.573,12.913,6.456
1341,1,Café mundo novo ,Coffea arabica L. cv. Mundo Novo,1.56,6.49,5.78,1.78,2.488,10.498,5.249
1342,1,Café mundo novo ,Coffea arabica L. cv. Mundo Novo,1.17,5.22,8.83,2.01,3.173,25.168,12.584
1343,1,Café mundo novo ,Coffea arabica L. cv. Mundo Novo,1.68,9.56,6.65,1.91,2.865,14.02,7.01
1344,1,Café mundo novo ,Coffea arabica L. cv. Mundo Novo,2.23,7.58,5.1,1.94,2.956,8.108,4.054
1345,1,Café mundo novo ,Coffea arabica L. cv. Mundo Novo,1.95,11.05,3.68,1.91,2.865,4.135,2.068
1346,1,Café mundo novo ,Coffea arabica L. cv. Mundo Novo,1.59,8.31,3.91,1.81,2.573,4.686,2.343
1347,1,Café mundo novo ,Coffea arabica L. cv. Mundo Novo,2.19,11.78,4.35,1.76,2.433,5.84,2.92
1348,1,Café mundo novo ,Coffea arabica L. cv. Mundo Novo,1.44,6.3,4.51,1.83,2.63,6.291,3.146
1349,1,Café mundo novo ,Coffea arabica L. cv. Mundo Novo,1.43,11.08,8.1,2.07,3.365,21.063,10.531
1350,1,Café mundo novo ,Coffea arabica L. cv. Mundo Novo,1.16,10.44,6.37,1.97,3.048,12.829,6.415
1351,1,Café mundo novo ,Coffea arabica L. cv. Mundo Novo,1.73,10.4,6.14,2.07,3.365,11.892,5.946
1352,1,Café mundo novo ,Coffea arabica L. cv. Mundo Novo,1.22,10.91,3.69,1.84,2.659,4.158,2.079
1353,1,Café mundo novo ,Coffea arabica L. cv. Mundo Novo,1.42,10.33,8.16,1.8,2.545,21.386,10.693
1354,1,Café mundo novo ,Coffea arabica L. cv. Mundo Novo,2.24,9.38,7.34,1.7,2.27,17.188,8.594
1355,1,Café mundo novo ,Coffea arabica L. cv. Mundo Novo,1.8,5.92,3.41,1.76,2.433,3.533,1.767
1356,1,Café mundo novo ,Coffea arabica L. cv. Mundo Novo,1.53,5.23,7.25,1.92,2.895,16.756,8.378
1357,1,Café mundo novo ,Coffea arabica L. cv. Mundo Novo,2.06,11.45,6.26,1.76,2.433,12.376,6.188
1358,1,Café mundo novo ,Coffea arabica L. cv. Mundo Novo,1.43,9.32,3.49,2,3.142,3.707,1.853
1359,1,Café mundo novo ,Coffea arabica L. cv. Mundo Novo,1.4,10.58,5.75,1.71,2.297,10.386,5.193
1360,1,Café mundo novo ,Coffea arabica L. cv. Mundo Novo,1.67,8.37,5.91,1.74,2.378,10.991,5.495
1361,1,Café mundo novo ,Coffea arabica L. cv. Mundo Novo,2.12,5.82,3.99,1.97,3.048,4.886,2.443
1362,1,Café mundo novo ,Coffea arabica L. cv. Mundo Novo,2.4,5.88,8.67,1.75,2.405,24.236,12.118
1363,1,Café mundo novo ,Coffea arabica L. cv. Mundo Novo,2.17,9.8,8.1,2.04,3.269,21.063,10.531
1364,1,Café mundo novo ,Coffea arabica L. cv. Mundo Novo,2.18,8.01,7.01,1.73,2.351,15.631,7.816
1365,1,Café mundo novo ,Coffea arabica L. cv. Mundo Novo,2.17,6.4,5.77,2.07,3.365,10.46,5.23
1366,1,Café mundo novo ,Coffea arabica L. cv. Mundo Novo,2.37,8.44,5.47,1.81,2.573,9.369,4.685
1367,1,Café mundo novo ,Coffea arabica L. cv. Mundo Novo,1.2,5.45,6.91,1.88,2.776,15.175,7.587
1368,1,Café mundo novo ,Coffea arabica L. cv. Mundo Novo,1.35,9.07,6.27,1.84,2.659,12.417,6.209
1369,1,Café mundo novo ,Coffea arabica L. cv. Mundo Novo,2.1,6.88,3.37,2.02,3.205,3.448,1.724
1370,1,Café mundo novo ,Coffea arabica L. cv. Mundo Novo,1.71,10.58,6.08,1.68,2.217,11.653,5.827
1371,1,Café mundo novo ,Coffea arabica L. cv. Mundo Novo,2.2,7.17,7.84,2.09,3.431,19.692,9.846
1372,1,Café mundo novo ,Coffea arabica L. cv. Mundo Novo,2.04,8.19,5.76,1.93,2.926,10.423,5.211
1373,1,Café mundo novo ,Coffea arabica L. cv. Mundo Novo,1.14,5.08,3.31,1.67,2.19,3.323,1.661
1374,1,Café mundo novo ,Coffea arabica L. cv. Mundo Novo,1.99,5.51,7.72,1.85,2.688,19.075,9.537
1375,1,Café mundo novo ,Coffea arabica L. cv. Mundo Novo,1.93,7.75,4.21,1.87,2.746,5.458,2.729
1376,1,Café mundo novo ,Coffea arabica L. cv. Mundo Novo,2.29,8.36,4.55,1.67,2.19,6.407,3.204
1377,1,Café mundo novo ,Coffea arabica L. cv. Mundo Novo,2.3,9.2,3.99,1.84,2.659,4.886,2.443
1378,1,Café mundo novo ,Coffea arabica L. cv. Mundo Novo,1.66,7.04,4.98,1.87,2.746,7.72,3.86
1379,1,Café mundo novo ,Coffea arabica L. cv. Mundo Novo,1.61,9.86,7.54,2.06,3.333,18.168,9.084
1380,1,Café mundo novo ,Coffea arabica L. cv. Mundo Novo,2,11.02,6.12,2.03,3.237,11.812,5.906
1381,1,Café mundo novo ,Coffea arabica L. cv. Mundo Novo,1.4,10.46,4.23,2.1,3.464,5.512,2.756
1382,1,Café mundo novo ,Coffea arabica L. cv. Mundo Novo,1.22,5.28,8.27,2.02,3.205,21.985,10.993
1383,1,Café mundo novo ,Coffea arabica L. cv. Mundo Novo,1.74,8.36,8.28,1.72,2.324,22.04,11.02
1384,1,Café mundo novo ,Coffea arabica L. cv. Mundo Novo,1.3,5.73,8.22,1.87,2.746,21.712,10.856
1385,1,Café mundo novo ,Coffea arabica L. cv. Mundo Novo,2.38,6.69,4.43,1.99,3.11,6.063,3.032
1386,1,Café mundo novo ,Coffea arabica L. cv. Mundo Novo,2.06,11.91,5.71,1.77,2.461,10.237,5.119
1387,1,Café mundo novo ,Coffea arabica L. cv. Mundo Novo,1.54,6,8.91,1.84,2.659,25.641,12.82
1388,1,Café mundo novo ,Coffea arabica L. cv. Mundo Novo,2.36,8.49,7.63,1.7,2.27,18.619,9.309
1389,1,Café mundo novo ,Coffea arabica L. cv. Mundo Novo,1.24,9.33,3.16,1.87,2.746,3.02,1.51
1390,1,Café mundo novo ,Coffea arabica L. cv. Mundo Novo,1.5,9.92,3.39,1.78,2.488,3.491,1.745
1391,1,Café mundo novo ,Coffea arabica L. cv. Mundo Novo,2.27,8.92,5.78,1.68,2.217,10.498,5.249
1392,1,Café mundo novo ,Coffea arabica L. cv. Mundo Novo,1.77,5.07,8.46,2.07,3.365,23.04,11.52
1393,1,Café mundo novo ,Coffea arabica L. cv. Mundo Novo,2.35,7.29,6.23,1.95,2.986,12.254,6.127
1394,1,Café mundo novo ,Coffea arabica L. cv. Mundo Novo,2.21,8.62,5.99,1.96,3.017,11.3,5.65
1395,1,Café mundo novo ,Coffea arabica L. cv. Mundo Novo,2.37,5.62,3.63,1.82,2.602,4.02,2.01
1396,1,Café mundo novo ,Coffea arabica L. cv. Mundo Novo,1.52,7.45,6.94,1.91,2.865,15.311,7.656
1397,1,Café mundo novo ,Coffea arabica L. cv. Mundo Novo,1.58,5.23,7.93,1.71,2.297,20.161,10.08
1398,1,Café mundo novo ,Coffea arabica L. cv. Mundo Novo,1.62,5.55,5.28,1.96,3.017,8.71,4.355
1399,1,Café mundo novo ,Coffea arabica L. cv. Mundo Novo,1.59,7.78,7.65,1.85,2.688,18.72,9.36
1400,1,Café mundo novo ,Coffea arabica L. cv. Mundo Novo,1.96,5.93,8.79,1.8,2.545,24.933,12.467
1401,1,Café mundo novo ,Coffea arabica L. cv. Mundo Novo,1.84,8.97,4.22,1.72,2.324,5.485,2.743
1402,1,Café mundo novo ,Coffea arabica L. cv. Mundo Novo,1.68,9.83,6.14,1.84,2.659,11.892,5.946
1403,1,Café mundo novo ,Coffea arabica L. cv. Mundo Novo,1.66,10.6,4.72,2.01,3.173,6.911,3.455
1404,1,Café mundo novo ,Coffea arabica L. cv. Mundo Novo,1.92,6.4,7.76,1.91,2.865,19.279,9.64
1405,1,Café mundo novo ,Coffea arabica L. cv. Mundo Novo,2.14,6.17,6.47,1.68,2.217,13.248,6.624
1406,1,Café mundo novo ,Coffea arabica L. cv. Mundo Novo,2.21,5.73,6.81,1.82,2.602,14.725,7.363
1407,1,Café mundo novo ,Coffea arabica L. cv. Mundo Novo,1.99,9.46,7.79,1.67,2.19,19.433,9.717
1408,1,Café mundo novo ,Coffea arabica L. cv. Mundo Novo,2.19,9.95,5.38,2,3.142,9.054,4.527
1409,1,Café mundo novo ,Coffea arabica L. cv. Mundo Novo,1.4,5.22,8.49,1.9,2.835,23.209,11.605
1410,1,Café mundo novo ,Coffea arabica L. cv. Mundo Novo,2.39,11.55,6.2,2.02,3.205,12.133,6.066
1411,1,Café mundo novo ,Coffea arabica L. cv. Mundo Novo,1.74,5.36,3.95,1.72,2.324,4.786,2.393
1412,1,Café mundo novo ,Coffea arabica L. cv. Mundo Novo,2.11,8.79,7.18,1.97,3.048,16.424,8.212
1413,1,Café mundo novo ,Coffea arabica L. cv. Mundo Novo,1.78,9.96,7.76,2.04,3.269,19.279,9.64
1414,1,Café mundo novo ,Coffea arabica L. cv. Mundo Novo,1.99,11.1,4.9,1.89,2.806,7.466,3.733
1415,1,Café mundo novo ,Coffea arabica L. cv. Mundo Novo,2,10,8.14,1.8,2.545,21.278,10.639
1416,1,Café mundo novo ,Coffea arabica L. cv. Mundo Novo,2.34,10.61,8.44,1.99,3.11,22.928,11.464
1417,1,Café mundo novo ,Coffea arabica L. cv. Mundo Novo,1.55,7.38,4.66,1.82,2.602,6.731,3.365
1418,1,Café mundo novo ,Coffea arabica L. cv. Mundo Novo,1.72,10.7,8.9,1.72,2.324,25.582,12.791
1419,1,Café mundo novo ,Coffea arabica L. cv. Mundo Novo,1.75,5.56,3.84,2.01,3.173,4.515,2.257
1420,1,Café mundo novo ,Coffea arabica L. cv. Mundo Novo,1.37,11.26,4.21,1.68,2.217,5.458,2.729
1421,1,Café mundo novo ,Coffea arabica L. cv. Mundo Novo,1.82,8.83,4.11,1.68,2.217,5.194,2.597
1422,1,Café mundo novo ,Coffea arabica L. cv. Mundo Novo,2.23,10.72,8.36,2.07,3.365,22.482,11.241
1423,1,Café mundo novo ,Coffea arabica L. cv. Mundo Novo,2.15,8.17,6.93,1.86,2.717,15.266,7.633
1424,1,Café mundo novo ,Coffea arabica L. cv. Mundo Novo,2.22,9.51,3.91,1.85,2.688,4.686,2.343
1425,1,Café mundo novo ,Coffea arabica L. cv. Mundo Novo,2,8.68,5.64,2.07,3.365,9.98,4.99
1426,1,Café mundo novo ,Coffea arabica L. cv. Mundo Novo,1.19,10.12,6.69,2.03,3.237,14.195,7.097
1427,1,Café mundo novo ,Coffea arabica L. cv. Mundo Novo,1.97,5.57,3.5,1.69,2.243,3.729,1.864
1428,1,Café mundo novo ,Coffea arabica L. cv. Mundo Novo,2.37,5.42,8.29,1.79,2.517,22.095,11.048
1429,1,Café mundo novo ,Coffea arabica L. cv. Mundo Novo,2.37,6.73,7.82,1.8,2.545,19.588,9.794
1430,1,Café mundo novo ,Coffea arabica L. cv. Mundo Novo,1.11,6.12,6.03,1.99,3.11,11.456,5.728
1431,1,Café mundo novo ,Coffea arabica L. cv. Mundo Novo,1.29,11.1,8.8,1.8,2.545,24.992,12.496
1432,1,Café mundo novo ,Coffea arabica L. cv. Mundo Novo,1.54,6.53,5.51,2.05,3.301,9.511,4.756
1433,1,Café mundo novo ,Coffea arabica L. cv. Mundo Novo,1.23,11.83,8.9,1.86,2.717,25.582,12.791
1434,1,Café mundo novo ,Coffea arabica L. cv. Mundo Novo,2.03,7.36,7.01,1.94,2.956,15.631,7.816
1435,1,Café mundo novo ,Coffea arabica L. cv. Mundo Novo,1.38,6.27,6.81,1.74,2.378,14.725,7.363
1436,1,Café mundo novo ,Coffea arabica L. cv. Mundo Novo,1.77,10.53,4,1.89,2.806,4.911,2.456
1437,1,Café mundo novo ,Coffea arabica L. cv. Mundo Novo,2.3,9.61,8.29,1.8,2.545,22.095,11.048
1438,1,Café mundo novo ,Coffea arabica L. cv. Mundo Novo,1.46,8.49,5.56,2.07,3.365,9.69,4.845
1439,1,Café mundo novo ,Coffea arabica L. cv. Mundo Novo,1.97,8.89,3.97,1.69,2.243,4.836,2.418
1440,1,Café mundo novo ,Coffea arabica L. cv. Mundo Novo,1.54,10.03,3.08,1.76,2.433,2.864,1.432
1441,1,Café mundo novo ,Coffea arabica L. cv. Mundo Novo,1.45,6.6,6.36,2.02,3.205,12.788,6.394
1442,1,Café mundo novo ,Coffea arabica L. cv. Mundo Novo,1.14,11.97,6.16,2,3.142,11.972,5.986
1443,1,Café mundo novo ,Coffea arabica L. cv. Mundo Novo,1.9,11.82,7.32,1.75,2.405,17.091,8.546
1444,1,Café mundo novo ,Coffea arabica L. cv. Mundo Novo,2.38,9.55,8.34,1.93,2.926,22.371,11.186
1445,1,Café mundo novo ,Coffea arabica L. cv. Mundo Novo,1.63,6.4,3.48,1.98,3.079,3.685,1.842
1446,1,Café mundo novo ,Coffea arabica L. cv. Mundo Novo,2.05,9.76,7.39,1.95,2.986,17.43,8.715
1447,1,Café mundo novo ,Coffea arabica L. cv. Mundo Novo,2.36,5.51,4.12,1.92,2.895,5.22,2.61
1448,1,Café mundo novo ,Coffea arabica L. cv. Mundo Novo,1.97,5.21,8.15,1.68,2.217,21.332,10.666
1449,1,Café mundo novo ,Coffea arabica L. cv. Mundo Novo,1.86,6.8,7.91,1.81,2.573,20.056,10.028
1450,1,Café mundo novo ,Coffea arabica L. cv. Mundo Novo,2.28,8.24,6.24,1.85,2.688,12.295,6.147
1451,1,Café mundo novo ,Coffea arabica L. cv. Mundo Novo,2.4,11.08,7.26,1.7,2.27,16.804,8.402
1452,1,Café mundo novo ,Coffea arabica L. cv. Mundo Novo,1.81,10.09,4.89,1.74,2.378,7.434,3.717
1453,1,Café mundo novo ,Coffea arabica L. cv. Mundo Novo,1.43,10.2,5.83,1.7,2.27,10.686,5.343
1454,1,Café mundo novo ,Coffea arabica L. cv. Mundo Novo,1.29,7.98,7.93,1.76,2.433,20.161,10.08
1455,1,Café mundo novo ,Coffea arabica L. cv. Mundo Novo,1.44,7.42,5.76,1.84,2.659,10.423,5.211
1456,1,Café mundo novo ,Coffea arabica L. cv. Mundo Novo,1.33,7.6,5.15,2.09,3.431,8.273,4.137
1457,1,Café mundo novo ,Coffea arabica L. cv. Mundo Novo,1.47,11.91,5.97,1.82,2.602,11.222,5.611
1458,1,Café mundo novo ,Coffea arabica L. cv. Mundo Novo,1.99,5.28,7.97,1.97,3.048,20.371,10.186
1459,1,Café mundo novo ,Coffea arabica L. cv. Mundo Novo,1.22,11.07,5.01,1.77,2.461,7.816,3.908
1460,1,Café mundo novo ,Coffea arabica L. cv. Mundo Novo,1.87,9.05,4.04,1.95,2.986,5.013,2.507
1461,1,Café mundo novo ,Coffea arabica L. cv. Mundo Novo,2.07,8.07,7.27,1.83,2.63,16.851,8.426
1462,1,Café mundo novo ,Coffea arabica L. cv. Mundo Novo,2.11,10.08,7.96,2.08,3.398,20.319,10.159
1463,1,Café mundo novo ,Coffea arabica L. cv. Mundo Novo,2.32,8.41,3.6,1.76,2.433,3.952,1.976
1464,1,Café mundo novo ,Coffea arabica L. cv. Mundo Novo,1.77,11.11,4.44,1.8,2.545,6.092,3.046
1465,1,Café mundo novo ,Coffea arabica L. cv. Mundo Novo,1.22,11.3,3.85,1.83,2.63,4.539,2.269
1466,1,Café mundo novo ,Coffea arabica L. cv. Mundo Novo,1.21,7.95,5.09,2.05,3.301,8.076,4.038
1467,1,Café mundo novo ,Coffea arabica L. cv. Mundo Novo,1.73,6.94,5.7,1.71,2.297,10.2,5.1
1468,1,Café mundo novo ,Coffea arabica L. cv. Mundo Novo,1.22,9.15,7.49,1.82,2.602,17.921,8.96
1469,1,Café mundo novo ,Coffea arabica L. cv. Mundo Novo,1.15,11.39,6.91,2.09,3.431,15.175,7.587
1470,1,Café mundo novo ,Coffea arabica L. cv. Mundo Novo,1.74,6.47,6.73,1.91,2.865,14.37,7.185
1471,1,Café mundo novo ,Coffea arabica L. cv. Mundo Novo,1.38,9.36,5.11,1.9,2.835,8.141,4.071
1472,1,Café mundo novo ,Coffea arabica L. cv. Mundo Novo,1.14,9.42,8.05,1.84,2.659,20.796,10.398
1473,1,Café mundo novo ,Coffea arabica L. cv. Mundo Novo,1.91,10.13,5.83,1.71,2.297,10.686,5.343
1474,1,Café mundo novo ,Coffea arabica L. cv. Mundo Novo,1.34,5.92,8.87,1.87,2.746,25.404,12.702
1475,1,Café mundo novo ,Coffea arabica L. cv. Mundo Novo,2.23,10.01,6.8,1.9,2.835,14.681,7.34
1476,1,Café mundo novo ,Coffea arabica L. cv. Mundo Novo,2.25,11.36,3.76,1.99,3.11,4.323,2.161
1477,1,Café mundo novo ,Coffea arabica L. cv. Mundo Novo,1.32,6.26,7.06,2.08,3.398,15.862,7.931
1478,1,Café mundo novo ,Coffea arabica L. cv. Mundo Novo,2.1,6.66,4.95,2.03,3.237,7.624,3.812
1479,1,Café mundo novo ,Coffea arabica L. cv. Mundo Novo,1.68,11.8,7.12,1.77,2.461,16.142,8.071
1480,1,Café mundo novo ,Coffea arabica L. cv. Mundo Novo,1.8,6.27,3.42,1.81,2.573,3.555,1.777
1481,1,Café mundo novo ,Coffea arabica L. cv. Mundo Novo,2.39,10.98,4.05,1.93,2.926,5.039,2.519
1482,1,Café mundo novo ,Coffea arabica L. cv. Mundo Novo,2.1,8.45,8.13,1.73,2.351,21.224,10.612
1483,1,Café mundo novo ,Coffea arabica L. cv. Mundo Novo,1.77,6.73,4.36,1.99,3.11,5.867,2.934
1484,1,Café mundo novo ,Coffea arabica L. cv. Mundo Novo,1.91,11.1,8.02,2.07,3.365,20.636,10.318
1485,1,Café mundo novo ,Coffea arabica L. cv. Mundo Novo,2.05,8.12,4.68,1.68,2.217,6.791,3.395
1486,1,Café mundo novo ,Coffea arabica L. cv. Mundo Novo,2.17,8.6,6.86,1.98,3.079,14.949,7.475
1487,1,Café mundo novo ,Coffea arabica L. cv. Mundo Novo,2.23,7.51,7.16,1.99,3.11,16.33,8.165
1488,1,Café mundo novo ,Coffea arabica L. cv. Mundo Novo,1.59,9.15,6.08,2.07,3.365,11.653,5.827
1489,1,Café mundo novo ,Coffea arabica L. cv. Mundo Novo,2.37,6.14,4.83,1.94,2.956,7.247,3.624
1490,1,Café mundo novo ,Coffea arabica L. cv. Mundo Novo,1.57,7.74,4.28,2,3.142,5.647,2.824
1491,1,Café mundo novo ,Coffea arabica L. cv. Mundo Novo,2.13,11.79,3.2,1.77,2.461,3.099,1.55
1492,1,Café mundo novo ,Coffea arabica L. cv. Mundo Novo,1.91,6.81,4.82,2.1,3.464,7.217,3.608
1493,1,Café mundo novo ,Coffea arabica L. cv. Mundo Novo,1.21,9.6,6.92,1.7,2.27,15.22,7.61
1494,1,Café mundo novo ,Coffea arabica L. cv. Mundo Novo,1.58,7.28,8.63,1.99,3.11,24.006,12.003
1495,1,Café mundo novo ,Coffea arabica L. cv. Mundo Novo,1.13,10.41,8.23,1.94,2.956,21.766,10.883
1496,1,Café mundo novo ,Coffea arabica L. cv. Mundo Novo,1.47,5.92,7.6,1.81,2.573,18.468,9.234
1497,1,Café mundo novo ,Coffea arabica L. cv. Mundo Novo,1.66,11.79,7.73,1.78,2.488,19.126,9.563
1498,1,Café mundo novo ,Coffea arabica L. cv. Mundo Novo,1.41,8.18,6.99,1.7,2.27,15.54,7.77
1499,1,Café mundo novo ,Coffea arabica L. cv. Mundo Novo,1.17,6.65,4.56,2.1,3.464,6.436,3.218
1500,1,Café mundo novo ,Coffea arabica L. cv. Mundo Novo,1.17,5.51,8.44,1.79,2.517,22.928,11.464
1501,1,Café mundo novo ,Coffea arabica L. cv. Mundo Novo,1.11,6.19,7.02,1.68,2.217,15.678,7.839
1502,1,Café mundo novo ,Coffea arabica L. cv. Mundo Novo,1.35,8.64,6.36,1.78,2.488,12.788,6.394
1503,1,Café mundo novo ,Coffea arabica L. cv. Mundo Novo,2.14,7.36,3.67,1.93,2.926,4.112,2.056
1504,1,Café mundo novo ,Coffea arabica L. cv. Mundo Novo,1.62,10.8,5.68,1.85,2.688,10.126,5.063
1505,1,Café mundo novo ,Coffea arabica L. cv. Mundo Novo,1.93,8.02,5.76,1.94,2.956,10.423,5.211
1506,1,Café mundo novo ,Coffea arabica L. cv. Mundo Novo,2.25,6.74,8.19,1.9,2.835,21.549,10.774
1507,1,Café mundo novo ,Coffea arabica L. cv. Mundo Novo,1.13,9.32,6.28,1.9,2.835,12.458,6.229
1508,1,Café mundo novo ,Coffea arabica L. cv. Mundo Novo,2.32,9.95,5.28,1.94,2.956,8.71,4.355
1509,1,Café mundo novo ,Coffea arabica L. cv. Mundo Novo,2.06,6.17,8.86,1.73,2.351,25.345,12.672
1510,1,Café mundo novo ,Coffea arabica L. cv. Mundo Novo,1.43,6.17,3.66,2.1,3.464,4.089,2.044
1511,1,Café mundo novo ,Coffea arabica L. cv. Mundo Novo,1.61,5.26,5.54,2.02,3.205,9.618,4.809
1512,1,Café mundo novo ,Coffea arabica L. cv. Mundo Novo,2.34,10.15,3.25,1.93,2.926,3.2,1.6
1513,1,Café mundo novo ,Coffea arabica L. cv. Mundo Novo,1.54,9.65,7.44,1.93,2.926,17.675,8.837
1514,1,Café mundo novo ,Coffea arabica L. cv. Mundo Novo,1.14,8.32,8.51,1.73,2.351,23.322,11.661
1515,1,Café mundo novo ,Coffea arabica L. cv. Mundo Novo,2.26,10.91,4.68,1.77,2.461,6.791,3.395
1516,1,Café mundo novo ,Coffea arabica L. cv. Mundo Novo,2.34,10.64,8.15,2.04,3.269,21.332,10.666
1517,1,Café mundo novo ,Coffea arabica L. cv. Mundo Novo,1.94,9.1,4.75,1.75,2.405,7.002,3.501
1518,1,Café mundo novo ,Coffea arabica L. cv. Mundo Novo,1.81,11.08,8.46,1.89,2.806,23.04,11.52
1519,1,Café mundo novo ,Coffea arabica L. cv. Mundo Novo,1.3,6.44,7.52,1.77,2.461,18.069,9.035
1520,1,Café mundo novo ,Coffea arabica L. cv. Mundo Novo,1.78,5.78,7.83,1.92,2.895,19.64,9.82
1521,1,Café mundo novo ,Coffea arabica L. cv. Mundo Novo,1.31,6.89,3.11,1.78,2.488,2.922,1.461
1522,1,Café mundo novo ,Coffea arabica L. cv. Mundo Novo,1.47,5.4,8.78,2.08,3.398,24.875,12.437
1523,1,Café mundo novo ,Coffea arabica L. cv. Mundo Novo,1.23,8.72,7.36,1.87,2.746,17.285,8.642
1524,1,Café mundo novo ,Coffea arabica L. cv. Mundo Novo,1.23,11.56,4.83,1.88,2.776,7.247,3.624
1525,1,Café mundo novo ,Coffea arabica L. cv. Mundo Novo,1.66,5.28,7.98,2.03,3.237,20.424,10.212
1526,1,Café mundo novo ,Coffea arabica L. cv. Mundo Novo,2.14,5.85,4.69,1.99,3.11,6.821,3.41
1527,1,Café mundo novo ,Coffea arabica L. cv. Mundo Novo,1.32,8.17,8.24,1.71,2.297,21.821,10.911
1528,1,Café mundo novo ,Coffea arabica L. cv. Mundo Novo,1.72,11.54,3.68,1.73,2.351,4.135,2.068
1529,1,Café mundo novo ,Coffea arabica L. cv. Mundo Novo,1.34,7.21,7.22,2.08,3.398,16.613,8.307
1530,1,Café mundo novo ,Coffea arabica L. cv. Mundo Novo,1.17,8.55,6.24,1.81,2.573,12.295,6.147
1531,1,Café mundo novo ,Coffea arabica L. cv. Mundo Novo,1.64,5.29,3.58,1.79,2.517,3.907,1.953
1532,1,Café mundo novo ,Coffea arabica L. cv. Mundo Novo,1.93,6.04,4.45,1.92,2.895,6.12,3.06
1533,1,Café mundo novo ,Coffea arabica L. cv. Mundo Novo,1.16,11.91,3.07,1.75,2.405,2.845,1.422
1534,1,Café mundo novo ,Coffea arabica L. cv. Mundo Novo,1.83,11.76,5.81,1.78,2.488,10.611,5.305
1535,1,Café mundo novo ,Coffea arabica L. cv. Mundo Novo,2,5.03,4.81,2.06,3.333,7.186,3.593
1536,1,Café mundo novo ,Coffea arabica L. cv. Mundo Novo,2.02,11.66,6.59,1.99,3.11,13.76,6.88
1537,1,Café mundo novo ,Coffea arabica L. cv. Mundo Novo,1.83,9.47,4.78,1.67,2.19,7.093,3.547
1538,1,Café mundo novo ,Coffea arabica L. cv. Mundo Novo,1.77,11.08,4.8,2.08,3.398,7.155,3.577
1539,1,Café mundo novo ,Coffea arabica L. cv. Mundo Novo,2.1,8.18,7.46,1.97,3.048,17.773,8.886
1540,1,Café mundo novo ,Coffea arabica L. cv. Mundo Novo,1.87,8.61,3.29,1.76,2.433,3.282,1.641
1541,1,Café mundo novo ,Coffea arabica L. cv. Mundo Novo,1.82,8.42,8.42,2.04,3.269,22.816,11.408
1542,1,Café mundo novo ,Coffea arabica L. cv. Mundo Novo,2.2,9.67,8.11,1.94,2.956,21.117,10.558
1543,1,Café mundo novo ,Coffea arabica L. cv. Mundo Novo,2.38,5.98,7.01,1.74,2.378,15.631,7.816
1544,1,Café mundo novo ,Coffea arabica L. cv. Mundo Novo,1.82,5.21,6.56,1.77,2.461,13.631,6.816
1545,1,Café mundo novo ,Coffea arabica L. cv. Mundo Novo,1.71,7.16,8.35,1.89,2.806,22.426,11.213
1546,1,Café mundo novo ,Coffea arabica L. cv. Mundo Novo,1.87,9.93,4.11,1.67,2.19,5.194,2.597
1547,1,Café mundo novo ,Coffea arabica L. cv. Mundo Novo,1.69,6.41,3.47,2.07,3.365,3.663,1.831
1548,1,Café mundo novo ,Coffea arabica L. cv. Mundo Novo,1.14,9.71,4.44,1.92,2.895,6.092,3.046
1549,1,Café mundo novo ,Coffea arabica L. cv. Mundo Novo,1.48,11.79,7.77,1.88,2.776,19.331,9.665
1550,1,Café mundo novo ,Coffea arabica L. cv. Mundo Novo,1.59,5.66,3.21,1.7,2.27,3.119,1.56
1551,1,Café mundo novo ,Coffea arabica L. cv. Mundo Novo,2.31,9.71,6.5,1.67,2.19,13.375,6.688
1552,1,Café mundo novo ,Coffea arabica L. cv. Mundo Novo,1.35,8.11,8.97,2.08,3.398,25.998,12.999
1553,1,Café mundo novo ,Coffea arabica L. cv. Mundo Novo,2.23,11.08,8.13,1.92,2.895,21.224,10.612
1554,1,Café mundo novo ,Coffea arabica L. cv. Mundo Novo,1.48,6.24,6.13,1.72,2.324,11.852,5.926
1555,1,Café mundo novo ,Coffea arabica L. cv. Mundo Novo,1.34,9.85,3.38,1.95,2.986,3.47,1.735
1556,1,Café mundo novo ,Coffea arabica L. cv. Mundo Novo,2.31,10.87,7.99,1.92,2.895,20.477,10.238
1557,1,Café mundo novo ,Coffea arabica L. cv. Mundo Novo,1.49,11.61,6.59,1.89,2.806,13.76,6.88
1558,1,Café mundo novo ,Coffea arabica L. cv. Mundo Novo,1.88,9.78,3.69,2.07,3.365,4.158,2.079
1559,1,Café mundo novo ,Coffea arabica L. cv. Mundo Novo,1.53,8.48,3.56,2.06,3.333,3.862,1.931
1560,1,Café mundo novo ,Coffea arabica L. cv. Mundo Novo,1.41,9.32,8.46,2.03,3.237,23.04,11.52
1561,1,Café mundo novo ,Coffea arabica L. cv. Mundo Novo,1.87,11.08,7.02,1.87,2.746,15.678,7.839
1562,1,Café mundo novo ,Coffea arabica L. cv. Mundo Novo,1.75,8.99,7.98,1.78,2.488,20.424,10.212
1563,1,Café mundo novo ,Coffea arabica L. cv. Mundo Novo,1.37,5.21,8.27,2.06,3.333,21.985,10.993
1564,1,Café mundo novo ,Coffea arabica L. cv. Mundo Novo,1.42,11.52,6.43,2.02,3.205,13.08,6.54
1565,1,Café mundo novo ,Coffea arabica L. cv. Mundo Novo,1.87,9.83,6.1,1.81,2.573,11.732,5.866
1566,1,Café mundo novo ,Coffea arabica L. cv. Mundo Novo,1.29,9.74,5.58,1.92,2.895,9.762,4.881
1567,1,Café mundo novo ,Coffea arabica L. cv. Mundo Novo,1.82,6.51,4.9,1.73,2.351,7.466,3.733
1568,1,Café mundo novo ,Coffea arabica L. cv. Mundo Novo,1.34,9.61,5.61,1.67,2.19,9.871,4.935
1569,1,Café mundo novo ,Coffea arabica L. cv. Mundo Novo,2.31,7.76,7.64,2.1,3.464,18.669,9.335
1570,1,Café mundo novo ,Coffea arabica L. cv. Mundo Novo,1.84,9.56,6.61,2.01,3.173,13.847,6.923
1571,1,Café mundo novo ,Coffea arabica L. cv. Mundo Novo,2.2,5.75,8.36,2.08,3.398,22.482,11.241
1572,1,Café mundo novo ,Coffea arabica L. cv. Mundo Novo,1.49,9.6,5.66,1.94,2.956,10.053,5.027
1573,1,Café mundo novo ,Coffea arabica L. cv. Mundo Novo,1.29,12,6.64,2.03,3.237,13.977,6.988
1574,1,Café mundo novo ,Coffea arabica L. cv. Mundo Novo,2.05,5.34,6.79,2.01,3.173,14.636,7.318
1575,1,Café mundo novo ,Coffea arabica L. cv. Mundo Novo,1.42,11.84,6.55,1.98,3.079,13.589,6.794
1576,1,Café mundo novo ,Coffea arabica L. cv. Mundo Novo,1.93,7.85,7.22,2.09,3.431,16.613,8.307
1577,1,Café mundo novo ,Coffea arabica L. cv. Mundo Novo,1.37,11.1,4.42,2.06,3.333,6.035,3.018
1578,1,Café mundo novo ,Coffea arabica L. cv. Mundo Novo,1.84,10.48,6.07,1.73,2.351,11.614,5.807
1579,1,Café mundo novo ,Coffea arabica L. cv. Mundo Novo,2.16,8.97,3.63,1.7,2.27,4.02,2.01
1580,1,Café mundo novo ,Coffea arabica L. cv. Mundo Novo,1.44,10.17,5.31,2.01,3.173,8.812,4.406
1581,1,Café mundo novo ,Coffea arabica L. cv. Mundo Novo,1.15,11.15,5.93,2.04,3.269,11.068,5.534
1582,1,Café mundo novo ,Coffea arabica L. cv. Mundo Novo,1.59,7.83,6.91,2.06,3.333,15.175,7.587
1583,1,Café mundo novo ,Coffea arabica L. cv. Mundo Novo,1.12,7.29,8.7,2.08,3.398,24.409,12.205
1584,1,Café mundo novo ,Coffea arabica L. cv. Mundo Novo,2.23,9.67,6.6,1.7,2.27,13.804,6.902
1585,1,Café mundo novo ,Coffea arabica L. cv. Mundo Novo,1.19,10.65,7.46,1.77,2.461,17.773,8.886
1586,1,Café mundo novo ,Coffea arabica L. cv. Mundo Novo,2.26,10.34,6.04,1.76,2.433,11.496,5.748
1587,1,Café mundo novo ,Coffea arabica L. cv. Mundo Novo,2.12,10.58,6.8,1.86,2.717,14.681,7.34
1588,1,Café mundo novo ,Coffea arabica L. cv. Mundo Novo,1.21,8.05,3.43,1.75,2.405,3.576,1.788
1589,1,Café mundo novo ,Coffea arabica L. cv. Mundo Novo,1.5,10.72,4.53,2,3.142,6.349,3.175
1590,1,Café mundo novo ,Coffea arabica L. cv. Mundo Novo,1.74,5.84,5.17,1.87,2.746,8.34,4.17
1591,1,Café mundo novo ,Coffea arabica L. cv. Mundo Novo,1.86,8.81,5.83,2.03,3.237,10.686,5.343
1592,1,Café mundo novo ,Coffea arabica L. cv. Mundo Novo,1.53,5.04,3.27,1.79,2.517,3.241,1.62
1593,1,Café mundo novo ,Coffea arabica L. cv. Mundo Novo,1.85,7.27,3.84,1.95,2.986,4.515,2.257
1594,1,Café mundo novo ,Coffea arabica L. cv. Mundo Novo,1.76,7.57,4.66,1.9,2.835,6.731,3.365
1595,1,Café mundo novo ,Coffea arabica L. cv. Mundo Novo,2.23,7.77,8.83,1.86,2.717,25.168,12.584
1596,1,Café mundo novo ,Coffea arabica L. cv. Mundo Novo,1.87,9.87,4.99,1.7,2.27,7.752,3.876
1597,1,Café mundo novo ,Coffea arabica L. cv. Mundo Novo,2.12,7.72,5.89,2.04,3.269,10.914,5.457
1598,1,Café mundo novo ,Coffea arabica L. cv. Mundo Novo,2.21,8.14,4.18,1.81,2.573,5.378,2.689
1599,1,Café mundo novo ,Coffea arabica L. cv. Mundo Novo,1.18,6.66,6.66,1.68,2.217,14.064,7.032
1600,1,Café mundo novo ,Coffea arabica L. cv. Mundo Novo,1.61,7.61,4.68,1.95,2.986,6.791,3.395
1601,1,Café mundo novo ,Coffea arabica L. cv. Mundo Novo,1.51,6.59,4.24,1.72,2.324,5.539,2.769
1602,1,Café mundo novo ,Coffea arabica L. cv. Mundo Novo,1.31,5.51,6.1,1.68,2.217,11.732,5.866
1603,1,Café mundo novo ,Coffea arabica L. cv. Mundo Novo,1.7,9.22,3.03,1.87,2.746,2.769,1.384
1604,1,Café mundo novo ,Coffea arabica L. cv. Mundo Novo,1.72,9.68,3.05,1.89,2.806,2.807,1.403
1605,1,Café mundo novo ,Coffea arabica L. cv. Mundo Novo,1.41,9.34,4.31,2.01,3.173,5.729,2.865
1606,1,Café mundo novo ,Coffea arabica L. cv. Mundo Novo,1.95,8.24,3.22,1.72,2.324,3.139,1.57
1607,1,Café mundo novo ,Coffea arabica L. cv. Mundo Novo,2.03,7.66,3.65,2,3.142,4.066,2.033
1608,1,Café mundo novo ,Coffea arabica L. cv. Mundo Novo,2.14,11.04,5.03,1.94,2.956,7.88,3.94
1609,1,Café mundo novo ,Coffea arabica L. cv. Mundo Novo,1.31,8.63,7.82,1.84,2.659,19.588,9.794
1610,1,Café mundo novo ,Coffea arabica L. cv. Mundo Novo,2.03,8.35,6.43,1.69,2.243,13.08,6.54
1611,1,Café mundo novo ,Coffea arabica L. cv. Mundo Novo,1.44,5.18,6.08,1.9,2.835,11.653,5.827
1612,1,Café mundo novo ,Coffea arabica L. cv. Mundo Novo,1.54,7.39,4.76,1.81,2.573,7.032,3.516
1613,1,Café mundo novo ,Coffea arabica L. cv. Mundo Novo,2.18,7.66,8.59,1.99,3.11,23.777,11.888
1614,1,Café mundo novo ,Coffea arabica L. cv. Mundo Novo,2.38,7.79,5.38,1.87,2.746,9.054,4.527
1615,1,Café mundo novo ,Coffea arabica L. cv. Mundo Novo,1.6,9.06,3.52,1.97,3.048,3.773,1.886
1616,1,Café mundo novo ,Coffea arabica L. cv. Mundo Novo,2.38,8.74,6.7,1.91,2.865,14.239,7.119
1617,1,Café mundo novo ,Coffea arabica L. cv. Mundo Novo,1.44,9.26,3.68,1.7,2.27,4.135,2.068
1618,1,Café mundo novo ,Coffea arabica L. cv. Mundo Novo,2.17,10.35,5.07,2.04,3.269,8.01,4.005
1619,1,Café mundo novo ,Coffea arabica L. cv. Mundo Novo,1.36,10.69,6.04,1.89,2.806,11.496,5.748
1620,1,Café mundo novo ,Coffea arabica L. cv. Mundo Novo,1.81,10.03,8.25,2.08,3.398,21.876,10.938
1621,1,Café mundo novo ,Coffea arabica L. cv. Mundo Novo,1.38,11.69,5.96,1.79,2.517,11.184,5.592
1622,1,Café mundo novo ,Coffea arabica L. cv. Mundo Novo,2.32,5.13,7.21,1.95,2.986,16.566,8.283
1623,1,Café mundo novo ,Coffea arabica L. cv. Mundo Novo,2.1,6.37,8.96,1.81,2.573,25.939,12.969
1624,1,Café mundo novo ,Coffea arabica L. cv. Mundo Novo,1.91,5.05,3.79,2.03,3.237,4.394,2.197
1625,1,Café mundo novo ,Coffea arabica L. cv. Mundo Novo,2.37,9.53,4.65,2.02,3.205,6.701,3.351
1626,1,Café mundo novo ,Coffea arabica L. cv. Mundo Novo,1.48,11.29,5.37,1.74,2.378,9.019,4.51
1627,1,Café mundo novo ,Coffea arabica L. cv. Mundo Novo,2.05,6.7,5.53,2,3.142,9.582,4.791
1628,1,Café mundo novo ,Coffea arabica L. cv. Mundo Novo,1.59,11.49,5.47,2.1,3.464,9.369,4.685
1629,1,Café mundo novo ,Coffea arabica L. cv. Mundo Novo,2.11,5.42,8.45,1.84,2.659,22.984,11.492
1630,1,Café mundo novo ,Coffea arabica L. cv. Mundo Novo,2.04,11.54,7.28,1.97,3.048,16.899,8.45
1631,1,Café mundo novo ,Coffea arabica L. cv. Mundo Novo,1.19,7.46,6.65,1.89,2.806,14.02,7.01
1632,1,Café mundo novo ,Coffea arabica L. cv. Mundo Novo,1.72,5.71,4.86,1.84,2.659,7.341,3.67
1633,1,Café mundo novo ,Coffea arabica L. cv. Mundo Novo,1.12,8.4,7.94,1.91,2.865,20.213,10.107
1634,1,Café mundo novo ,Coffea arabica L. cv. Mundo Novo,1.49,6.8,8.73,1.89,2.806,24.584,12.292
1635,1,Café mundo novo ,Coffea arabica L. cv. Mundo Novo,2.18,6.99,7.93,1.83,2.63,20.161,10.08
1636,1,Café mundo novo ,Coffea arabica L. cv. Mundo Novo,2.3,7.15,3.15,1.86,2.717,3,1.5
1637,1,Café mundo novo ,Coffea arabica L. cv. Mundo Novo,1.95,10.62,6.82,1.86,2.717,14.77,7.385
1638,1,Café mundo novo ,Coffea arabica L. cv. Mundo Novo,1.39,8.77,3.31,1.78,2.488,3.323,1.661
1639,1,Café mundo novo ,Coffea arabica L. cv. Mundo Novo,2.1,7.18,4.55,1.79,2.517,6.407,3.204
1640,1,Café mundo novo ,Coffea arabica L. cv. Mundo Novo,1.53,9.27,3.36,2.03,3.237,3.427,1.714
1641,1,Café mundo novo ,Coffea arabica L. cv. Mundo Novo,1.36,10.01,6.62,1.74,2.378,13.89,6.945
1642,1,Café mundo novo ,Coffea arabica L. cv. Mundo Novo,1.8,6.91,7.12,1.9,2.835,16.142,8.071
1643,1,Café mundo novo ,Coffea arabica L. cv. Mundo Novo,1.76,7.89,3.69,1.92,2.895,4.158,2.079
1644,1,Café mundo novo ,Coffea arabica L. cv. Mundo Novo,2.19,5.85,5.3,1.89,2.806,8.778,4.389
1645,1,Café mundo novo ,Coffea arabica L. cv. Mundo Novo,1.67,6.27,5.74,1.88,2.776,10.348,5.174
1646,1,Café mundo novo ,Coffea arabica L. cv. Mundo Novo,1.73,9.77,5.21,1.97,3.048,8.473,4.237
1647,1,Café mundo novo ,Coffea arabica L. cv. Mundo Novo,1.51,6.27,3.73,2.03,3.237,4.252,2.126
1648,1,Café mundo novo ,Coffea arabica L. cv. Mundo Novo,2.4,8.68,5.51,2.05,3.301,9.511,4.756
1649,1,Café mundo novo ,Coffea arabica L. cv. Mundo Novo,1.84,9.96,7.51,1.9,2.835,18.02,9.01
1650,1,Café mundo novo ,Coffea arabica L. cv. Mundo Novo,2.09,5.75,3.43,1.71,2.297,3.576,1.788
1651,1,Café mundo novo ,Coffea arabica L. cv. Mundo Novo,1.8,8.97,3.48,1.92,2.895,3.685,1.842
1652,1,Café mundo novo ,Coffea arabica L. cv. Mundo Novo,1.79,6.8,5.13,1.74,2.378,8.207,4.104
1653,1,Café mundo novo ,Coffea arabica L. cv. Mundo Novo,1.96,11.74,8.65,2.07,3.365,24.121,12.06
1654,1,Café mundo novo ,Coffea arabica L. cv. Mundo Novo,2.34,8.38,7.01,1.68,2.217,15.631,7.816
1655,1,Café mundo novo ,Coffea arabica L. cv. Mundo Novo,2.03,10.64,7.07,2.08,3.398,15.909,7.954
1656,1,Café mundo novo ,Coffea arabica L. cv. Mundo Novo,1.17,8.85,5.17,1.74,2.378,8.34,4.17
1657,1,Café mundo novo ,Coffea arabica L. cv. Mundo Novo,1.13,5.3,6.56,1.78,2.488,13.631,6.816
1658,1,Café mundo novo ,Coffea arabica L. cv. Mundo Novo,2.19,9.43,3.06,1.94,2.956,2.826,1.413
1659,1,Café mundo novo ,Coffea arabica L. cv. Mundo Novo,1.22,11.66,6.82,1.98,3.079,14.77,7.385
1660,1,Café mundo novo ,Coffea arabica L. cv. Mundo Novo,1.86,9.21,8.48,1.79,2.517,23.153,11.576
1661,1,Café mundo novo ,Coffea arabica L. cv. Mundo Novo,1.88,10.73,6.68,2.06,3.333,14.151,7.075
1662,1,Café mundo novo ,Coffea arabica L. cv. Mundo Novo,1.86,11.19,8.24,1.97,3.048,21.821,10.911
1663,1,Café mundo novo ,Coffea arabica L. cv. Mundo Novo,1.67,6.6,7.34,1.74,2.378,17.188,8.594
1664,1,Café mundo novo ,Coffea arabica L. cv. Mundo Novo,2.32,6.48,3.72,2.07,3.365,4.228,2.114
1665,1,Café mundo novo ,Coffea arabica L. cv. Mundo Novo,1.2,9.28,8.41,1.72,2.324,22.76,11.38
1666,1,Café mundo novo ,Coffea arabica L. cv. Mundo Novo,1.94,7.88,3.4,2.06,3.333,3.512,1.756
1667,1,Café mundo novo ,Coffea arabica L. cv. Mundo Novo,2.39,10.88,6.2,1.91,2.865,12.133,6.066
1668,1,Café mundo novo ,Coffea arabica L. cv. Mundo Novo,1.75,11.3,3.85,1.78,2.488,4.539,2.269
1669,1,Café mundo novo ,Coffea arabica L. cv. Mundo Novo,1.24,7.47,3.07,2.05,3.301,2.845,1.422
1670,1,Café mundo novo ,Coffea arabica L. cv. Mundo Novo,2.18,6.66,5.53,1.98,3.079,9.582,4.791
1671,1,Café mundo novo ,Coffea arabica L. cv. Mundo Novo,2.38,10.46,4.77,1.94,2.956,7.063,3.531
1672,1,Café mundo novo ,Coffea arabica L. cv. Mundo Novo,2.01,6.92,5.92,2.02,3.205,11.029,5.515
1673,1,Café mundo novo ,Coffea arabica L. cv. Mundo Novo,2.02,10.76,6.46,1.81,2.573,13.206,6.603
1674,1,Café mundo novo ,Coffea arabica L. cv. Mundo Novo,2.21,7.97,3.26,1.9,2.835,3.22,1.61
1675,1,Café mundo novo ,Coffea arabica L. cv. Mundo Novo,2.11,9.67,3.74,1.76,2.433,4.275,2.138
1676,1,Café mundo novo ,Coffea arabica L. cv. Mundo Novo,1.55,5.67,6.35,2.06,3.333,12.746,6.373
1677,1,Café mundo novo ,Coffea arabica L. cv. Mundo Novo,1.85,9.37,5.06,1.97,3.048,7.978,3.989
1678,1,Café mundo novo ,Coffea arabica L. cv. Mundo Novo,1.62,8.16,7.38,1.74,2.378,17.382,8.691
1679,1,Café mundo novo ,Coffea arabica L. cv. Mundo Novo,1.45,9.11,6.91,2.01,3.173,15.175,7.587
1680,1,Café mundo novo ,Coffea arabica L. cv. Mundo Novo,1.44,6.18,8.07,1.97,3.048,20.902,10.451
1681,1,Café mundo novo ,Coffea arabica L. cv. Mundo Novo,1.13,10.16,7.15,2.07,3.365,16.283,8.141
1682,1,Café mundo novo ,Coffea arabica L. cv. Mundo Novo,1.13,11.04,5.58,1.73,2.351,9.762,4.881
1683,1,Café mundo novo ,Coffea arabica L. cv. Mundo Novo,1.36,6.52,7.04,1.93,2.926,15.77,7.885
1684,1,Café mundo novo ,Coffea arabica L. cv. Mundo Novo,2.32,5.67,4.65,1.77,2.461,6.701,3.351
1685,1,Café mundo novo ,Coffea arabica L. cv. Mundo Novo,1.87,5.17,4.84,1.87,2.746,7.278,3.639
1686,1,Café mundo novo ,Coffea arabica L. cv. Mundo Novo,1.14,9.49,7.73,1.73,2.351,19.126,9.563
1687,1,Café mundo novo ,Coffea arabica L. cv. Mundo Novo,1.47,9.25,5.68,1.75,2.405,10.126,5.063
1688,1,Café mundo novo ,Coffea arabica L. cv. Mundo Novo,1.3,8.83,7.79,1.83,2.63,19.433,9.717
1689,1,Café mundo novo ,Coffea arabica L. cv. Mundo Novo,2.12,6.62,7.93,1.74,2.378,20.161,10.08
1690,1,Café mundo novo ,Coffea arabica L. cv. Mundo Novo,2.24,7.74,8.15,1.97,3.048,21.332,10.666
1691,1,Café mundo novo ,Coffea arabica L. cv. Mundo Novo,1.43,9.16,8.5,2.08,3.398,23.266,11.633
1692,1,Café mundo novo ,Coffea arabica L. cv. Mundo Novo,1.19,8.48,5.59,1.72,2.324,9.798,4.899
1693,1,Café mundo novo ,Coffea arabica L. cv. Mundo Novo,2.25,11.91,4.91,1.83,2.63,7.497,3.749
1694,1,Café mundo novo ,Coffea arabica L. cv. Mundo Novo,2.25,5.96,6.49,1.99,3.11,13.333,6.666
1695,1,Café mundo novo ,Coffea arabica L. cv. Mundo Novo,2.23,9.87,5.23,1.76,2.433,8.541,4.27
1696,1,Café mundo novo ,Coffea arabica L. cv. Mundo Novo,1.74,7.83,6.61,2.01,3.173,13.847,6.923
1697,1,Café mundo novo ,Coffea arabica L. cv. Mundo Novo,1.28,8,7.23,2.02,3.205,16.661,8.33
1698,1,Café mundo novo ,Coffea arabica L. cv. Mundo Novo,2.3,10.02,7.13,1.94,2.956,16.189,8.094
1699,1,Café mundo novo ,Coffea arabica L. cv. Mundo Novo,1.17,9.85,5.25,1.96,3.017,8.608,4.304
1700,1,Café mundo novo ,Coffea arabica L. cv. Mundo Novo,1.35,11.94,4,1.81,2.573,4.911,2.456
1701,1,Café mundo novo ,Coffea arabica L. cv. Mundo Novo,1.1,5.9,5.58,2.09,3.431,9.762,4.881
1702,1,Café mundo novo ,Coffea arabica L. cv. Mundo Novo,1.17,5.73,3.86,1.76,2.433,4.563,2.282
1703,1,Café mundo novo ,Coffea arabica L. cv. Mundo Novo,2.09,10.07,8.34,1.91,2.865,22.371,11.186
1704,1,Café mundo novo ,Coffea arabica L. cv. Mundo Novo,2.08,9.05,5.08,2.04,3.269,8.043,4.021
1705,1,Café mundo novo ,Coffea arabica L. cv. Mundo Novo,2.14,6.92,3.93,1.86,2.717,4.736,2.368
1706,1,Café mundo novo ,Coffea arabica L. cv. Mundo Novo,1.76,5.56,3.15,1.93,2.926,3,1.5
1707,1,Café mundo novo ,Coffea arabica L. cv. Mundo Novo,2.25,5.6,6.87,2.06,3.333,14.994,7.497
1708,1,Cedro rojo,Cedrela odorata L.,4.34,11.26,6.82,2.86,6.424,2.254,1.127
1709,1,Cedro rojo,Cedrela odorata L.,5.06,8.42,6.94,4.97,19.4,2.391,1.196
1710,1,Cedro rojo,Cedrela odorata L.,5.93,8.64,7.56,4.54,16.188,3.194,1.597
1711,1,Cedro rojo,Cedrela odorata L.,5.6,9.46,7.64,3.4,9.079,3.31,1.655
1712,1,Cedro rojo,Cedrela odorata L.,5.4,8,6.55,3.01,7.116,1.966,0.983
1713,1,Cedro rojo,Cedrela odorata L.,4.73,8.79,8.91,4.63,16.837,5.568,2.784
1714,1,Cedro rojo,Cedrela odorata L.,4.73,8.98,8.33,4.41,15.275,4.434,2.217
1715,1,Cedro rojo,Cedrela odorata L.,10.23,26.59,22.16,4.63,16.837,121.372,60.686
1716,1,Cedro rojo,Cedrela odorata L.,8.77,24.75,20.63,6.63,34.524,95.284,47.642
1717,1,Cedro rojo,Cedrela odorata L.,9.6,39.27,32.73,6.26,30.778,453.972,226.986
1718,1,Cedro rojo,Cedrela odorata L.,10.99,31.54,26.29,4.68,17.202,216.355,108.178
1719,1,Cedro rojo,Cedrela odorata L.,13.73,36.21,30.17,5.48,23.586,344.658,172.329
1720,1,Cedro rojo,Cedrela odorata L.,14.03,45.78,38.15,7.68,46.325,762.304,381.152
1721,1,Cedro rojo,Cedrela odorata L.,8.05,29.98,24.99,5.34,22.396,182.251,91.126
1722,1,Cedro rojo,Cedrela odorata L.,11.58,33.85,28.21,5.01,19.714,274.608,137.304
1723,1,Cedro rojo,Cedrela odorata L.,10.92,42.13,35.11,6.21,30.288,575.63,287.815
1724,1,Cedro rojo,Cedrela odorata L.,9.55,29.49,24.58,7.95,49.639,172.334,86.167
1725,1,Cedro rojo,Cedrela odorata L.,8.84,25.85,21.54,5.35,22.48,110.263,55.132
1726,1,Cedro rojo,Cedrela odorata L.,10.36,30.95,25.8,6.85,36.853,203.016,101.508
1727,1,Cedro rojo,Cedrela odorata L.,14.6,27.87,23.22,7.17,40.377,142.153,71.076
1728,1,Cedro rojo,Cedrela odorata L.,32,46.31,38.59,5.33,22.312,792.453,396.227
1729,1,Cedro rojo,Cedrela odorata L.,24,43.39,36.16,7.05,39.036,635.962,317.981
1730,1,Cedro rojo,Cedrela odorata L.,32,43.39,36.16,7.05,39.036,635.962,317.981
1731,1,Chicozapote,Manilkara zapota (L.) P.Royen,4,12,10,5,19.635,17.88,8.94
1732,1,Chicozapote,Manilkara zapota (L.) P.Royen,5,15,12,6,28.274,32.184,16.092
1733,1,Chinene,Persea schiedeana Nees,8,20,18,6,28.274,62.008,31.004
1734,1,Chinene,Persea schiedeana Nees,7,16,15,4,12.566,37.679,18.839
1735,1,Chinene,Persea schiedeana Nees,1.5,8,6,1.8,2.545,1.292,0.646
1736,1,Chinene,Persea schiedeana Nees,2.8,15,12,2.5,4.909,9.646,4.823
1737,1,Chinene,Persea schiedeana Nees,3.9,18,16,3.2,8.042,23.885,11.942
1738,1,Chinene,Persea schiedeana Nees,7,30,28,6,28.274,131.289,65.645
1739,1,Chinene,Persea schiedeana Nees,2.8,6,5,2.5,4.909,1.675,0.837
1740,1,Chinene,Persea schiedeana Nees,3.9,6,4,3.2,8.042,1.493,0.746
1741,1,Chinene,Persea schiedeana Nees,6,22,18,6.54,33.593,46.506,23.253
1742,1,Chinene,Persea schiedeana Nees,3,13,9,4,12.566,5.813,2.907
1743,1,Ciruela mexicana,Spondias purpurea L.,2,21,19,4,12.566,218.969,109.485
1744,1,Ciruela mexicana,Spondias purpurea L.,2.5,18,16,2,3.142,144.641,72.321
1745,1,Coco,Cocos nucifera L.,12.38,20,18,8,50.266,99.826,49.913
1746,1,Coco,Cocos nucifera L.,18.82,28,22,6,28.274,149.414,74.707
1747,1,Coco,Cocos nucifera L.,12.13,18,15,6,28.274,97.901,48.951
1748,1,Coco,Cocos nucifera L.,24.45,40,32,6,28.274,192.765,96.383
1749,1,Coco,Cocos nucifera L.,17.25,28,23,4,12.566,137.325,68.663
1750,1,Coco,Cocos nucifera L.,12.49,21,16,4,12.566,100.673,50.337
1751,1,Coco,Cocos nucifera L.,1.2,5.4,4.8,2.5,4.909,13.74,6.87
1752,1,Coco,Cocos nucifera L.,1.5,6.1,5.2,2.8,6.158,16.05,8.025
1753,1,Coco,Cocos nucifera L.,1.8,7,6,3,7.069,18.36,9.18
1754,1,Coco,Cocos nucifera L.,2,7.5,6.5,3.2,8.042,19.9,9.95
1755,1,Coco,Cocos nucifera L.,2.3,8.2,7,3.5,9.621,22.21,11.105
1756,1,Coco,Cocos nucifera L.,2.7,9,7.8,3.8,11.341,25.29,12.645
1757,1,Coco,Cocos nucifera L.,3,9.8,8.5,4,12.566,27.6,13.8
1758,1,Coco,Cocos nucifera L.,4,10,7,5,19.635,35.3,17.65
1759,1,Coco,Cocos nucifera L.,1,5,4,1.5,1.767,12.2,6.1
1760,1,Cuajinicuil,Inga inicuil (Kunth) DC,3.2,7.5,6.8,2.8,6.158,13.095,6.548
1761,1,Cuajinicuil,Inga inicuil (Kunth) DC,3.5,8,7.2,3,7.069,14.901,7.45
1762,1,Cuajinicuil,Inga inicuil (Kunth) DC,3.8,8.3,7.5,3.1,7.548,16.341,8.171
1763,1,Cuajinicuil,Inga inicuil (Kunth) DC,4,8.7,8,3.3,8.553,18.907,9.454
1764,1,Cuajinicuil,Inga inicuil (Kunth) DC,4.3,9.2,8.5,3.5,9.621,21.683,10.842
1765,1,Cuajinicuil,Inga inicuil (Kunth) DC,4.5,9.8,9,3.7,10.752,24.673,12.337
1766,1,Cuajinicuil,Inga inicuil (Kunth) DC,4.8,10.2,9.5,3.9,11.946,27.88,13.94
1767,1,Cuajinicuil,Inga inicuil (Kunth) DC,5,10.5,10,4,12.566,31.307,15.654
1768,1,Cuajinicuil,Inga inicuil (Kunth) DC,5.2,11,10.5,4.2,13.854,34.957,17.478
1769,1,Cuajinicuil,Inga inicuil (Kunth) DC,5.5,11.5,11,4.5,15.904,38.832,19.416
1770,1,Cuajinicuil,Inga inicuil (Kunth) DC,5.8,12,11.5,4.8,18.096,42.936,21.468
1771,1,Cuajinicuil,Inga inicuil (Kunth) DC,6,12.5,12,5,19.635,47.271,23.635
1772,1,Guayaba agria,Psidium friedrichsthalianum O. Berg.,4.5,12.3,15.2,3.5,9.621,112.513,56.257
1773,1,Guayaba agria,Psidium friedrichsthalianum O. Berg.,5,14.1,17.3,4,12.566,150.541,75.27
1774,1,Guayaba agria,Psidium friedrichsthalianum O. Berg.,4.8,13.6,16.1,3.8,11.341,128.059,64.03
1775,1,Guayaba agria,Psidium friedrichsthalianum O. Berg.,5.2,15,18,4.2,13.854,164.593,82.297
1776,1,Guayaba agria,Psidium friedrichsthalianum O. Berg.,3.2,7.5,9,2.5,4.909,34.603,17.302
1777,1,Guayaba agria,Psidium friedrichsthalianum O. Berg.,3.5,8.2,10.1,2.8,6.158,44.853,22.427
1778,1,Guayaba agria,Psidium friedrichsthalianum O. Berg.,3.8,9,11,3,7.069,54.35,27.175
1779,1,Guayaba agria,Psidium friedrichsthalianum O. Berg.,4,9.8,12,3.2,8.042,66.103,33.052
1780,1,Jinicuil,Inga vera Willd,4,15.2,12.5,3.2,8.042,51.839,25.92
1781,1,Jinicuil,Inga vera Willd,4.5,18,14,3.5,9.621,66.972,33.486
1782,1,Jinicuil,Inga vera Willd,3.5,21.3,15.5,3.8,11.341,84.293,42.146
1783,1,Jinicuil,Inga vera Willd,3.2,25,17,4.2,13.854,103.862,51.931
1784,1,Jinicuil,Inga vera Willd,3.3,29,18.5,4.5,15.904,125.733,62.867
1785,1,Liche,Litchi chinensis Sonn,3.5,10,8,2.5,4.909,4.752,2.376
1786,1,Liche,Litchi chinensis Sonn,4,11,9.2,2.8,6.158,7.111,3.556
1787,1,Liche,Litchi chinensis Sonn,4.2,12,10,3,7.069,8.776,4.388
1788,1,Liche,Litchi chinensis Sonn,2.98,13,10.5,3.2,8.042,6.906,3.453
1789,1,Liche,Litchi chinensis Sonn,2.78,13.5,11,3.5,9.621,7.067,3.533
1790,1,Liche,Litchi chinensis Sonn,2.67,14,11.5,3.7,10.752,7.409,3.705
1791,1,Liche,Litchi chinensis Sonn,2.87,15,12,4,12.566,8.639,4.32
1792,1,Liche,Litchi chinensis Sonn,3.45,16,12.5,4.2,13.854,11.197,5.599
1793,1,Liche,Litchi chinensis Sonn,3.54,17,13,4.5,15.904,12.396,6.198
1794,1,Liche,Litchi chinensis Sonn,2.67,18,13.5,4.7,17.349,10.132,5.066
1795,1,Liche,Litchi chinensis Sonn,2.67,18,13.5,4.7,17.349,10.132,5.066
1796,1,Limón ,Citrus limon (L.) Burm. f.,4,15,14,6,28.274,82.372,41.186
1797,1,Limón ,Citrus limon (L.) Burm. f.,3.76,13,11,5.87,27.062,43.579,21.789
1798,1,Mandarina,Citrus reticulata Blanco,2.78,9.5,7.43,2,3.142,28.999,14.499
1799,1,Mandarina,Citrus reticulata Blanco,3.01,13.7,11.78,4,12.566,58.937,29.469
1800,1,Mandarina,Citrus reticulata Blanco,2.74,13.62,11.62,2.5,4.909,58.2,29.1
1801,1,Mandarina,Citrus reticulata Blanco,2.89,10.24,8.24,3,7.069,33.103,16.552
1802,1,Mandarina,Citrus reticulata Blanco,3.76,12.67,10.67,3,7.069,49.987,24.993
1803,1,Mandarina,Citrus reticulata Blanco,2.96,11.08,9.08,2.5,4.909,38.32,19.16
1804,1,Mandarina,Citrus reticulata Blanco,2.74,12.02,10.02,3,7.069,44.918,22.459
1805,1,Mandarina,Citrus reticulata Blanco,4.44,9.67,7.67,2,3.142,29.903,14.951
1806,1,Mandarina,Citrus reticulata Blanco,4.32,9.89,7.89,3.5,9.621,31.107,15.553
1807,1,Mandarina,Citrus reticulata Blanco,3.31,13.56,11.56,3.5,9.621,57.651,28.826
1808,1,Mandarina,Citrus reticulata Blanco,3.98,9.02,7.02,4,12.566,26.567,13.284
1809,1,Mandarina,Citrus reticulata Blanco,2.97,9.35,7.35,2,3.142,28.22,14.11
1810,1,Mango manilo ,Mangifera indica L. 'Manila',4,23,19,4,12.566,53.049,26.524
1811,1,Mango manilo ,Mangifera indica L. 'Manila',4.5,20,18,3.87,11.763,51.694,25.847
1812,1,Mango manilo ,Mangifera indica L. 'Manila',4.3,26,23,5,19.635,82.028,41.014
1813,1,Mango manilo ,Mangifera indica L. 'Manila',4.6,29,27,4.9,18.857,118.819,59.409
1814,1,Mango manilo ,Mangifera indica L. 'Manila',5,31,24,5.2,21.237,99.397,49.699
1815,1,Mango petacón ,Mangifera indica L. 'Petacón',4.7,21,19,4.87,18.627,59.436,29.718
1816,1,Mango petacón ,Mangifera indica L. 'Petacón',4.8,32,27,4.53,16.117,122.438,61.219
1817,1,Mango petacón ,Mangifera indica L. 'Petacón',4.7,23,18,3.76,11.104,53.303,26.652
1818,1,Mango petacón ,Mangifera indica L. 'Petacón',3.98,21,20,4.2,13.854,58.615,29.308
1820,1,Nanche rojo,Byrsonima crassifolia (L.) Kunth.,5,31,26,4.76,17.795,318.861,159.431
1821,1,Naranjo ,Citrus sinensis (L.) Osbeck,7.9,24.72,21.72,4,12.566,258.94,129.47
1822,1,Naranjo ,Citrus sinensis (L.) Osbeck,9,20.84,17.84,5,19.635,161.613,80.806
1823,1,Naranjo ,Citrus sinensis (L.) Osbeck,8.7,19.62,16.62,4,12.566,137.975,68.987
1824,1,Naranjo ,Citrus sinensis (L.) Osbeck,6.7,23.11,20.11,6,28.274,214.106,107.053
1825,1,Naranjo ,Citrus sinensis (L.) Osbeck,5.1,20.11,17.11,7,38.485,147.113,73.556
1826,1,Naranjo ,Citrus sinensis (L.) Osbeck,6.1,18.06,15.06,5,19.635,111.841,55.921
1827,1,Naranjo ,Citrus sinensis (L.) Osbeck,6.8,19.75,16.75,4,12.566,140.354,70.177
1828,1,Naranjo ,Citrus sinensis (L.) Osbeck,7.6,19.01,16.01,5,19.635,127.235,63.617
1829,1,Naranjo ,Citrus sinensis (L.) Osbeck,6.7,23.88,20.88,5.5,23.758,234.703,117.352
1830,1,Naranjo ,Citrus sinensis (L.) Osbeck,8.5,23.6,20.6,5.1,20.428,227.039,113.519
1831,1,Naranjo ,Citrus sinensis (L.) Osbeck,5.9,21.46,18.46,7,38.485,174.8,87.4
1832,1,Naranjo ,Citrus sinensis (L.) Osbeck,7.7,23.08,20.08,7.4,43.009,213.334,106.667
1833,1,Naranjo ,Citrus sinensis (L.) Osbeck,7.8,22.12,19.12,6.3,31.173,189.765,94.883
1834,1,Naranjo ,Citrus sinensis (L.) Osbeck,6.5,24.22,21.22,7.2,40.715,244.286,122.143
1835,1,Naranjo ,Citrus sinensis (L.) Osbeck,8.6,22.09,19.09,7.8,47.784,189.063,94.532
1836,1,Naranjo ,Citrus sinensis (L.) Osbeck,7.4,24.44,21.44,6,28.274,250.65,125.325
1837,1,Naranjo ,Citrus sinensis (L.) Osbeck,7.7,23.86,20.86,4.7,17.349,234.149,117.075
1838,1,Naranjo ,Citrus sinensis (L.) Osbeck,5.8,23.47,20.47,4.3,14.522,223.549,111.774
1839,1,Naranjo ,Citrus sinensis (L.) Osbeck,8.8,18.56,15.56,4.1,13.203,119.747,59.873
1840,1,Naranjo ,Citrus sinensis (L.) Osbeck,2.69,11,7,3,7.069,37.796,18.898
1841,1,Naranjo ,Citrus sinensis (L.) Osbeck,2.29,6,5,3.5,9.621,14.939,7.47
1842,1,Naranjo ,Citrus sinensis (L.) Osbeck,1.96,5,3,2.2,3.801,12.316,6.158
1843,1,Naranjo ,Citrus sinensis (L.) Osbeck,2.39,9,7,2.7,5.726,26.47,13.235
1844,1,Naranjo ,Citrus sinensis (L.) Osbeck,2.71,8,6,4,12.566,21.963,10.981
1845,1,Naranjo ,Citrus sinensis (L.) Osbeck,2.18,7,5,3.2,8.042,18.138,9.069
1846,1,Naranjo ,Citrus sinensis (L.) Osbeck,2.93,7,5,3.3,8.553,18.138,9.069
1847,1,Naranjo ,Citrus sinensis (L.) Osbeck,1.75,8,6,2.9,6.605,21.963,10.981
1848,1,Naranjo ,Citrus sinensis (L.) Osbeck,2.25,9,7,3.2,8.042,26.47,13.235
1849,1,Naranjo ,Citrus sinensis (L.) Osbeck,1.71,10,8,3.4,9.079,31.723,15.862
1850,1,Palo de jobo ,Spondias mombin L.,12,32,27,6,28.274,511.248,255.624
1851,1,Palo de jobo ,Spondias mombin L.,16,23,20,5,19.635,247.82,123.91
1852,1,Plátano manzano ,Musa acuminata Colla,2.9,16.5,12.5,2.9,6.605,3.079175,1.54
1853,1,Plátano manzano ,Musa acuminata Colla,3.7,15.8,11.8,1.1,0.95,2.733872,1.367
1854,1,Plátano manzano ,Musa acuminata Colla,2.2,23.6,19.6,2.7,5.726,7.705748,3.853
1855,1,Plátano manzano ,Musa acuminata Colla,4,17.3,13.3,1.7,2.27,3.498167,1.749
1856,1,Plátano manzano ,Musa acuminata Colla,4,23.4,19.4,2.7,5.726,7.547408,3.774
1857,1,Plátano manzano ,Musa acuminata Colla,2.5,15,11,1.6,2.011,2.3636,1.182
1858,1,Plátano manzano ,Musa acuminata Colla,2.6,10.9,6.9,1.8,2.545,0.873783,0.437
1859,1,Plátano manzano ,Musa acuminata Colla,3.1,12.7,8.7,1.5,1.767,1.443807,0.722
1860,1,Plátano manzano ,Musa acuminata Colla,2.2,9,5,1,0.785,0.4148,0.207
1861,1,Plátano manzano ,Musa acuminata Colla,3.5,10.5,6.5,2,3.142,0.764975,0.382
1862,1,Plátano manzano ,Musa acuminata Colla,3,17.6,13.6,1.6,2.011,3.661988,1.831
1863,1,Plátano manzano ,Musa acuminata Colla,3.5,14.3,10.3,1.2,1.131,2.060927,1.03
1864,1,Plátano manzano ,Musa acuminata Colla,3.4,13.7,9.7,2.2,3.801,1.817327,0.909
1865,1,Plátano manzano ,Musa acuminata Colla,3.1,14.7,10.7,2.1,3.464,2.231447,1.116
1866,1,Plátano manzano ,Musa acuminata Colla,3.1,16.2,12.2,1,0.785,2.928752,1.464
1867,1,Plátano tabasco ,Musa paradisiaca L.,2.4,24.5,20.5,1.3,1.327,8.438375,4.219
1868,1,Plátano tabasco ,Musa paradisiaca L.,3.3,14.2,10.2,1.6,2.011,2.019312,1.01
1869,1,Plátano tabasco ,Musa paradisiaca L.,3.7,14.7,10.7,1.9,2.835,2.231447,1.116
1870,1,Plátano tabasco ,Musa paradisiaca L.,4.6,14.4,10.4,1.9,2.835,2.102948,1.051
1871,1,Plátano tabasco ,Musa paradisiaca L.,4.3,22.9,18.9,2.3,4.155,7.158663,3.579
1872,1,Plátano tabasco ,Musa paradisiaca L.,4.9,18.1,14.1,2.1,3.464,3.943143,1.972
1873,1,Plátano tabasco ,Musa paradisiaca L.,4.1,20.5,16.5,2.3,4.155,5.433975,2.717
1874,1,Plátano tabasco ,Musa paradisiaca L.,3.4,11.9,7.9,2.6,5.309,1.174223,0.587
1875,1,Plátano tabasco ,Musa paradisiaca L.,3.9,10.4,6.4,1.4,1.539,0.738788,0.369
1876,1,Plátano tabasco ,Musa paradisiaca L.,4.7,13.9,9.9,2.5,4.909,1.896903,0.948
1877,1,Plátano tabasco ,Musa paradisiaca L.,4.5,18.2,14.2,1.4,1.539,4.000592,2
1878,1,Plátano tabasco ,Musa paradisiaca L.,2.8,15.6,11.6,2.3,4.155,2.638868,1.319
1879,1,Plátano tabasco ,Musa paradisiaca L.,3.3,10.4,6.4,2.6,5.309,0.738788,0.369
1880,1,Plátano tabasco ,Musa paradisiaca L.,2.5,10.3,6.3,1.4,1.539,0.713007,0.357
1881,1,Plátano tabasco ,Musa paradisiaca L.,1.9,12.7,8.7,1.8,2.545,1.443807,0.722
1882,1,Plátano tabasco ,Musa paradisiaca L.,1.9,17.6,13.6,1.8,2.545,3.661988,1.831
1883,1,Plátano tabasco ,Musa paradisiaca L.,2,17.4,13.4,1.3,1.327,3.552368,1.776
1884,1,Plátano tabasco ,Musa paradisiaca L.,1.8,15.4,11.4,1.4,1.539,2.545488,1.273
1885,1,Plátano tabasco ,Musa paradisiaca L.,2,16,12,2.4,4.524,2.8305,1.415
1886,1,Plátano tabasco ,Musa paradisiaca L.,1.7,13.7,9.7,2.4,4.524,1.817327,0.909
1887,1,Plátano tabasco ,Musa paradisiaca L.,2,15,11,2.9,6.605,2.3636,1.182
1888,1,Plátano tabasco ,Musa paradisiaca L.,1.9,16.7,12.7,2.8,6.158,3.181487,1.591
1889,1,Plátano tabasco ,Musa paradisiaca L.,1.7,16.7,12.7,2.7,5.726,3.181487,1.591
1890,1,Plátano tabasco ,Musa paradisiaca L.,2.1,14.8,10.8,1.8,2.545,2.275092,1.138
1891,1,Rambután,Sideroxylon celastrinum (Kunth) T.D.Penn,2.67,18,13.5,4.7,17.349,10.132,5.066
1892,1,Tamarindo ,Tamarindus indica L.,5,25,23,4.12,13.332,104.439,52.219
1893,1,Tamarindo ,Tamarindus indica L.,4.3,22,18,3.98,12.441,58.055,29.027
1894,1,Tamarindo ,Tamarindus indica L.,2,14,12,3.5,9.621,13.7,6.85
1895,1,Tepejilote,Chamaedorea tepejilote Liebm.,4,10,8,1.21,1.15,2.366129189,1.183
1896,1,Tepejilote,Chamaedorea tepejilote Liebm.,3.5,11,8,1.45,1.651,2.366129189,1.183
1897,1,Tepejilote,Chamaedorea tepejilote Liebm.,4,10,8,1.89,2.806,2.366129189,1.183
1898,1,Tepejilote,Chamaedorea tepejilote Liebm.,3,9,7,2.1,3.464,1.999144863,1
1899,1,Tepejilote,Chamaedorea tepejilote Liebm.,2.65,9,8,2,3.142,2.366129189,1.183
1900,1,Tepejilote,Chamaedorea tepejilote Liebm.,2.4,8,7,1.45,1.651,1.999144863,1
1901,1,Tepejilote,Chamaedorea tepejilote Liebm.,3.43,7,6,1.56,1.911,1.575492549,0.788
1902,1,Tepejilote,Chamaedorea tepejilote Liebm.,3.53,9,7,1.76,2.433,1.999144863,1
1903,1,Tepejilote,Chamaedorea tepejilote Liebm.,3.56,7,5,1.45,1.651,1.074418215,0.537
1904,1,Tepejilote,Chamaedorea tepejilote Liebm.,3.02,5,5,1.64,2.112,1.074418215,0.537
1905,1,Tepejilote,Chamaedorea tepejilote Liebm.,3.65,7,6,1.43,1.606,1.575492549,0.788
1906,1,Tepejilote,Chamaedorea tepejilote Liebm.,1.32,8,7,1.31,1.348,1.999144863,1
1907,1,Zapote mamey,Pouteria sapota (Jacq.) H.E. Moore & Stearn,4,20,17,3,7.069,4.438,2.219
1908,1,Zapote mamey,Pouteria sapota (Jacq.) H.E. Moore & Stearn,3.65,15,11,2.76,5.983,19.741755,9.871
1909,1,Zapote mamey,Pouteria sapota (Jacq.) H.E. Moore & Stearn,4.32,12,9,1.64,2.112,15.641424,7.821
1910,1,Zapote mamey,Pouteria sapota (Jacq.) H.E. Moore & Stearn,1,10,8,1.32,1.368,2.8608,1.43
1911,1,Zapote mamey,Pouteria sapota (Jacq.) H.E. Moore & Stearn,1,10,8,1.53,1.839,2.8608,1.43
